item_id,subject,true_a,true_b,is_weak_item,allowed_colleges,split
ITM_0001,CS,0.47884229369547804,-2.539096891017708,True,"COLLEGE_002,COLLEGE_011,COLLEGE_013,COLLEGE_005,COLLEGE_007",train
ITM_0002,Math,0.6231709705189998,-1.11974290642337,False,"COLLEGE_013,COLLEGE_008,COLLEGE_005",train
ITM_0003,English,1.3717390540537413,0.8081673553898768,False,COLLEGE_014,train
ITM_0004,Math,1.690378355903226,-1.201211453379377,False,"COLLEGE_014,COLLEGE_003",train
ITM_0005,CS,1.2916951579754414,1.2398278372357774,False,"COLLEGE_008,COLLEGE_019,COLLEGE_011",train
ITM_0006,History,2.1002116418060734,-0.5552839775956054,False,COLLEGE_008,train
ITM_0007,Chemistry,2.1946897288638207,-0.3684580091101218,False,"COLLEGE_004,COLLEGE_008,COLLEGE_014,COLLEGE_005,COLLEGE_006",train
ITM_0008,Physics,1.2084934004554395,0.5140234965257384,False,"COLLEGE_020,COLLEGE_013",train
ITM_0009,Math,1.4448772885811816,0.4701944492593219,False,"COLLEGE_004,COLLEGE_017,COLLEGE_002,COLLEGE_020",train
ITM_0010,Economics,0.03702451195628298,2.3436716346478756,True,COLLEGE_003,val
ITM_0011,Physics,0.46219787426303627,-3.9667606966832176,True,"COLLEGE_011,COLLEGE_006",train
ITM_0012,English,0.6751731770159768,2.792909999870741,True,"COLLEGE_013,COLLEGE_020,COLLEGE_011",train
ITM_0013,Chemistry,2.194608529104643,-1.1938276229610494,False,"COLLEGE_016,COLLEGE_019,COLLEGE_012",test
ITM_0014,Biology,1.5574747435516283,1.069548254146593,False,"COLLEGE_020,COLLEGE_002,COLLEGE_012,COLLEGE_008",train
ITM_0015,Chemistry,2.220726735439824,1.4649395008427184,False,"COLLEGE_009,COLLEGE_007,COLLEGE_003",test
ITM_0016,Math,1.7293761354649644,-0.15055264698260482,False,"COLLEGE_001,COLLEGE_010,COLLEGE_009,COLLEGE_013,COLLEGE_015",train
ITM_0017,Economics,0.8338368579450286,-1.604690899102614,False,"COLLEGE_013,COLLEGE_009,COLLEGE_001,COLLEGE_002",train
ITM_0018,History,-0.12467749088121705,-1.6231528395088628,True,"COLLEGE_014,COLLEGE_007,COLLEGE_004,COLLEGE_011,COLLEGE_016",train
ITM_0019,Chemistry,2.4888480130031105,-1.7493313053566413,False,"COLLEGE_019,COLLEGE_015",val
ITM_0020,Math,0.46125278128856745,-3.8419991586325537,True,"COLLEGE_014,COLLEGE_016,COLLEGE_019,COLLEGE_011,COLLEGE_013",train
ITM_0021,Math,1.2832403115749023,-0.6558587404029161,False,"COLLEGE_009,COLLEGE_001,COLLEGE_003,COLLEGE_017",test
ITM_0022,Physics,2.012613640924833,0.7465659277331763,False,COLLEGE_013,train
ITM_0023,Chemistry,-0.09132342656041265,-0.3769441166069597,True,"COLLEGE_008,COLLEGE_005,COLLEGE_006,COLLEGE_014,COLLEGE_019",train
ITM_0024,Math,0.8731893495037645,0.31222202367094315,False,"COLLEGE_014,COLLEGE_009,COLLEGE_011,COLLEGE_020,COLLEGE_019",train
ITM_0025,Physics,2.0419655630186293,0.7111245340821004,False,"COLLEGE_020,COLLEGE_014,COLLEGE_007,COLLEGE_006,COLLEGE_005",train
ITM_0026,Economics,2.1638523515362698,0.4597968278580863,False,"COLLEGE_019,COLLEGE_004,COLLEGE_018",train
ITM_0027,CS,0.08513540673233522,1.116868763680876,True,"COLLEGE_009,COLLEGE_010",test
ITM_0028,Economics,1.6960279926020827,3.887063488068356,True,"COLLEGE_012,COLLEGE_006,COLLEGE_001,COLLEGE_017,COLLEGE_015",train
ITM_0029,Biology,2.2620051562306696,-3.0714981037805944,False,"COLLEGE_003,COLLEGE_010,COLLEGE_006",train
ITM_0030,Physics,1.5614615186976315,-2.593564663562834,False,COLLEGE_017,train
ITM_0031,Physics,1.9799777939682164,0.5790404517854221,False,"COLLEGE_016,COLLEGE_009,COLLEGE_019",test
ITM_0032,Math,0.2686480559818938,-0.47405622260348096,True,"COLLEGE_016,COLLEGE_010",test
ITM_0033,English,-0.48019702218268423,0.37085620202884173,True,"COLLEGE_009,COLLEGE_020",val
ITM_0034,English,2.4718644855691565,1.3330933736813197,False,"COLLEGE_014,COLLEGE_010",test
ITM_0035,History,2.364063991474454,-1.8009624183146098,False,COLLEGE_018,val
ITM_0036,English,1.715065605920938,-1.8069988863967446,False,"COLLEGE_010,COLLEGE_006,COLLEGE_019,COLLEGE_014,COLLEGE_011",test
ITM_0037,Physics,-0.4998501426508461,-0.05989227964939442,True,"COLLEGE_013,COLLEGE_018,COLLEGE_001,COLLEGE_012",val
ITM_0038,History,-0.2683528552888566,-2.4778383332203697,True,COLLEGE_013,train
ITM_0039,Economics,0.4696231175567108,1.4661656219720418,False,"COLLEGE_019,COLLEGE_003,COLLEGE_002,COLLEGE_013,COLLEGE_008",train
ITM_0040,Math,1.0744742938706842,-0.8678021265952716,False,COLLEGE_004,train
ITM_0041,Economics,0.42612890675968085,0.4399274964165659,True,"COLLEGE_004,COLLEGE_019,COLLEGE_011,COLLEGE_017,COLLEGE_010",train
ITM_0042,Chemistry,1.8587217376249372,-0.14359068296778016,False,"COLLEGE_008,COLLEGE_013",train
ITM_0043,Biology,0.3737103811781357,1.8171368828645804,False,"COLLEGE_010,COLLEGE_011,COLLEGE_001,COLLEGE_007",train
ITM_0044,Biology,0.7867809649584314,0.7642896948035824,False,"COLLEGE_002,COLLEGE_016,COLLEGE_014,COLLEGE_013",test
ITM_0045,Physics,0.8465217723245775,-0.5701503341335239,False,COLLEGE_008,train
ITM_0046,Physics,0.9864527857693122,-1.9046256836141446,False,"COLLEGE_001,COLLEGE_020",val
ITM_0047,History,1.5659632999711017,3.082073905087621,True,COLLEGE_003,val
ITM_0048,Math,1.4635003953766148,-0.2487793152098935,False,"COLLEGE_015,COLLEGE_009",test
ITM_0049,CS,2.319164864683912,-0.7157287218386302,False,"COLLEGE_009,COLLEGE_001",test
ITM_0050,Physics,1.1456247774992443,-0.9357951354383917,False,"COLLEGE_011,COLLEGE_009,COLLEGE_012,COLLEGE_019",val
ITM_0051,CS,-0.18905247061179653,0.5652134781906701,True,"COLLEGE_012,COLLEGE_001,COLLEGE_002",train
ITM_0052,Economics,-0.3883244014558339,-1.0562218230230656,True,"COLLEGE_001,COLLEGE_005,COLLEGE_011,COLLEGE_010",train
ITM_0053,CS,1.0578734793416904,-1.1322915479139954,False,"COLLEGE_004,COLLEGE_002,COLLEGE_011,COLLEGE_018,COLLEGE_003",train
ITM_0054,English,-0.35006436776519134,1.6593192042511737,True,"COLLEGE_016,COLLEGE_015,COLLEGE_018",val
ITM_0055,Math,2.2809528047476566,-2.6918878124870753,False,COLLEGE_003,test
ITM_0056,Biology,1.3041973931071738,1.6085328532115335,False,"COLLEGE_009,COLLEGE_017,COLLEGE_004,COLLEGE_012,COLLEGE_015",val
ITM_0057,Biology,2.22747448334384,-0.285303285666535,False,"COLLEGE_015,COLLEGE_006,COLLEGE_001,COLLEGE_014,COLLEGE_003",train
ITM_0058,CS,0.4108973687261095,1.4138848013023129,False,"COLLEGE_008,COLLEGE_020,COLLEGE_001,COLLEGE_012",train
ITM_0059,Biology,1.7766473770509061,0.2009377327971702,False,"COLLEGE_017,COLLEGE_012",train
ITM_0060,Economics,1.2725602344940175,-1.0940801131639926,False,"COLLEGE_007,COLLEGE_016,COLLEGE_020,COLLEGE_001",train
ITM_0061,Math,1.2353436392966768,-3.9488564532200945,True,COLLEGE_002,train
ITM_0062,English,0.4312360768963295,0.4546605453634032,False,"COLLEGE_004,COLLEGE_020,COLLEGE_008,COLLEGE_018",train
ITM_0063,Math,1.7567585912982202,-0.1997352113639249,False,"COLLEGE_003,COLLEGE_012,COLLEGE_001,COLLEGE_016,COLLEGE_005",val
ITM_0064,Physics,2.013410594930389,-0.1484606041661837,False,COLLEGE_017,train
ITM_0065,CS,1.3152541905782105,0.8917586158298411,False,"COLLEGE_017,COLLEGE_015,COLLEGE_006",train
ITM_0066,Math,1.0576439169455727,-0.48636127296401166,False,"COLLEGE_012,COLLEGE_008,COLLEGE_020,COLLEGE_015,COLLEGE_011",test
ITM_0067,Economics,0.506266978518102,0.584352767315614,False,"COLLEGE_019,COLLEGE_018,COLLEGE_005,COLLEGE_004,COLLEGE_016",train
ITM_0068,Biology,-0.4327260336835237,1.326368288884334,True,"COLLEGE_012,COLLEGE_018,COLLEGE_006",train
ITM_0069,Chemistry,1.294908902025207,-2.876326631461194,True,"COLLEGE_017,COLLEGE_011",train
ITM_0070,Math,0.8930794502061368,0.28746748469205785,False,"COLLEGE_002,COLLEGE_012,COLLEGE_017,COLLEGE_008",train
ITM_0071,CS,0.41018282820805163,-0.0826334930475169,True,"COLLEGE_017,COLLEGE_011,COLLEGE_003,COLLEGE_001",train
ITM_0072,English,1.9677503138633141,-0.17965178642880533,False,COLLEGE_018,train
ITM_0073,Biology,1.7315468189797625,1.7725751839961978,False,"COLLEGE_006,COLLEGE_010,COLLEGE_017",train
ITM_0074,English,1.8093806426092205,0.8484485070495223,False,"COLLEGE_003,COLLEGE_018",train
ITM_0075,CS,0.10887093591187158,0.34665259096711565,True,COLLEGE_005,train
ITM_0076,Biology,1.2177173621450672,0.6105906917615103,False,"COLLEGE_007,COLLEGE_010,COLLEGE_020,COLLEGE_016,COLLEGE_003",test
ITM_0077,Physics,0.3872508392747486,-0.7631519048400299,False,"COLLEGE_006,COLLEGE_016,COLLEGE_011,COLLEGE_015,COLLEGE_008",train
ITM_0078,Biology,-0.3198842843321419,3.1020956744690413,True,"COLLEGE_004,COLLEGE_019",test
ITM_0079,Physics,1.044543706929995,-0.7524562875987333,False,COLLEGE_008,train
ITM_0080,English,0.6705557091435829,1.1751116931443553,False,"COLLEGE_014,COLLEGE_001",train
ITM_0081,English,1.5279222428700225,-2.853669274236537,True,"COLLEGE_014,COLLEGE_011",val
ITM_0082,CS,1.0952769287208646,-0.29958664586270317,False,"COLLEGE_003,COLLEGE_014,COLLEGE_004,COLLEGE_009,COLLEGE_006",train
ITM_0083,Physics,0.4658035460784574,-3.3392173840237804,True,"COLLEGE_013,COLLEGE_005",train
ITM_0084,English,0.8756911192905142,0.42060179618652527,False,"COLLEGE_012,COLLEGE_014,COLLEGE_006",train
ITM_0085,Physics,0.7310001666156649,1.2604794430493267,False,"COLLEGE_008,COLLEGE_011,COLLEGE_012",train
ITM_0086,English,1.7677080217965484,-0.7719771925917859,False,"COLLEGE_016,COLLEGE_020,COLLEGE_010,COLLEGE_019,COLLEGE_014",val
ITM_0087,Biology,1.9817036895215652,1.157609087623704,False,"COLLEGE_015,COLLEGE_004,COLLEGE_019,COLLEGE_012",test
ITM_0088,Math,0.7497999075907072,-1.1496262892223454,False,COLLEGE_002,train
ITM_0089,Economics,2.490558729756016,3.7030938389662045,True,"COLLEGE_004,COLLEGE_016,COLLEGE_015",train
ITM_0090,Chemistry,2.2369235739137165,1.1015318298745334,False,COLLEGE_006,train
ITM_0091,Economics,0.6816681827900726,-1.8565027350410366,False,"COLLEGE_017,COLLEGE_014,COLLEGE_012,COLLEGE_004,COLLEGE_008",test
ITM_0092,Biology,1.5941944192429403,0.12192001596543259,False,"COLLEGE_008,COLLEGE_011,COLLEGE_017",val
ITM_0093,History,1.708035652234718,0.5366601618685224,False,"COLLEGE_006,COLLEGE_001,COLLEGE_015,COLLEGE_003",test
ITM_0094,Economics,0.8439854509393816,-2.793201106385314,True,"COLLEGE_015,COLLEGE_006,COLLEGE_013,COLLEGE_020",train
ITM_0095,Math,2.4158394900872766,-0.3794738079726273,False,"COLLEGE_010,COLLEGE_012,COLLEGE_013,COLLEGE_002,COLLEGE_008",val
ITM_0096,History,-0.04990580580756887,-0.45118029522223935,True,COLLEGE_020,train
ITM_0097,English,1.397997018583545,-0.6733069571771968,False,"COLLEGE_018,COLLEGE_013,COLLEGE_009,COLLEGE_006,COLLEGE_014",train
ITM_0098,Chemistry,1.6316968326475498,-1.2984213420503232,False,"COLLEGE_016,COLLEGE_015,COLLEGE_010",test
ITM_0099,Chemistry,1.7005925996972633,-0.4064028646605091,False,"COLLEGE_003,COLLEGE_013",train
ITM_0100,English,1.0892183562063176,0.4892276842046125,False,"COLLEGE_014,COLLEGE_012,COLLEGE_006",test
ITM_0101,English,1.1289299463804454,0.6971994479540304,False,"COLLEGE_001,COLLEGE_018",train
ITM_0102,Physics,0.4343736884871747,1.5028156347576098,False,"COLLEGE_010,COLLEGE_006",val
ITM_0103,English,0.07525281114670856,1.3637466891898142,True,"COLLEGE_007,COLLEGE_015,COLLEGE_011,COLLEGE_001,COLLEGE_006",train
ITM_0104,CS,-0.23597408976910889,-2.637001206314436,True,COLLEGE_016,train
ITM_0105,Economics,0.17841545103219025,1.5224566734918843,True,"COLLEGE_009,COLLEGE_012,COLLEGE_019",train
ITM_0106,English,1.447064689374396,-1.7119790529724166,False,"COLLEGE_016,COLLEGE_007,COLLEGE_017,COLLEGE_001,COLLEGE_005",train
ITM_0107,CS,1.6159082377374934,0.5989326081587295,False,"COLLEGE_012,COLLEGE_020,COLLEGE_011,COLLEGE_003,COLLEGE_013",train
ITM_0108,English,2.0822222960853183,1.218470794410268,False,"COLLEGE_002,COLLEGE_001",train
ITM_0109,Physics,2.0538786160021516,-1.40619756056703,False,"COLLEGE_012,COLLEGE_005,COLLEGE_020,COLLEGE_013,COLLEGE_001",train
ITM_0110,CS,0.49695618692871735,3.372008825398448,True,"COLLEGE_007,COLLEGE_017,COLLEGE_016",train
ITM_0111,Economics,1.8942865891479284,0.4952935478663485,False,"COLLEGE_017,COLLEGE_019,COLLEGE_011",train
ITM_0112,Math,1.4071820330036546,2.7967791761629712,False,"COLLEGE_016,COLLEGE_012,COLLEGE_004,COLLEGE_006,COLLEGE_018",train
ITM_0113,CS,0.1439794644452319,-1.1639769089227268,True,"COLLEGE_009,COLLEGE_004,COLLEGE_017,COLLEGE_010",val
ITM_0114,Biology,0.5656159158296471,-0.5943768057601491,False,"COLLEGE_007,COLLEGE_008,COLLEGE_016,COLLEGE_011",test
ITM_0115,Physics,1.3510801939016184,0.7876700286745769,False,"COLLEGE_005,COLLEGE_002,COLLEGE_007,COLLEGE_006",train
ITM_0116,History,0.84361271411891,-0.5465258996072845,False,COLLEGE_008,train
ITM_0117,Economics,0.4952386984016989,-3.0922867047956983,True,"COLLEGE_003,COLLEGE_005,COLLEGE_015",val
ITM_0118,CS,2.482882718623978,-0.1940159126573946,False,"COLLEGE_002,COLLEGE_017,COLLEGE_014,COLLEGE_013,COLLEGE_016",train
ITM_0119,Biology,1.7858994778153128,-0.26406420884603365,False,"COLLEGE_002,COLLEGE_004,COLLEGE_001,COLLEGE_019,COLLEGE_017",train
ITM_0120,Biology,1.5004085620253114,-1.992869394132021,False,"COLLEGE_013,COLLEGE_004",train
ITM_0121,Economics,1.4970434601892038,1.029538319549212,False,"COLLEGE_018,COLLEGE_005,COLLEGE_020",train
ITM_0122,Economics,1.2337415156550007,0.22462083298630103,False,"COLLEGE_020,COLLEGE_001",train
ITM_0123,Biology,0.4346888502128263,-0.32475209584830905,False,"COLLEGE_001,COLLEGE_016",train
ITM_0124,English,0.6063878605151531,-1.2030547588674265,False,COLLEGE_016,train
ITM_0125,Biology,1.9427401341753998,1.463391627079955,False,"COLLEGE_005,COLLEGE_019,COLLEGE_008,COLLEGE_020",train
ITM_0126,English,1.186703925503982,-2.001618172401247,False,"COLLEGE_016,COLLEGE_018,COLLEGE_017,COLLEGE_012",train
ITM_0127,History,1.9926271451812996,-0.789812025131572,False,"COLLEGE_006,COLLEGE_002,COLLEGE_015,COLLEGE_014",train
ITM_0128,Physics,-0.48913895716140615,0.19636051640255228,True,"COLLEGE_006,COLLEGE_008,COLLEGE_018,COLLEGE_010,COLLEGE_005",train
ITM_0129,Chemistry,0.9012994945871543,-0.03604938809779446,False,"COLLEGE_004,COLLEGE_011,COLLEGE_010,COLLEGE_019,COLLEGE_003",train
ITM_0130,English,1.6382276157027422,0.6754079955859249,False,"COLLEGE_017,COLLEGE_014,COLLEGE_018",test
ITM_0131,Biology,1.0906789885562924,-0.17801661456938533,False,"COLLEGE_012,COLLEGE_008,COLLEGE_020,COLLEGE_010",train
ITM_0132,Biology,0.9390797910160685,0.92958796306809,False,COLLEGE_012,train
ITM_0133,Math,1.1051222059352748,1.7836752519940513,False,"COLLEGE_004,COLLEGE_011,COLLEGE_007,COLLEGE_009",train
ITM_0134,Biology,0.8134180629747725,-0.07816600287466578,False,"COLLEGE_002,COLLEGE_006,COLLEGE_018",train
ITM_0135,Physics,0.651695567500826,0.5379810749161884,False,COLLEGE_013,train
ITM_0136,CS,2.0486593729710405,0.5454030865027538,False,"COLLEGE_011,COLLEGE_005",train
ITM_0137,CS,2.2471525497476823,-1.4741888116570887,False,"COLLEGE_020,COLLEGE_019,COLLEGE_011",val
ITM_0138,Biology,0.5769876307718462,1.7532307468069168,False,"COLLEGE_017,COLLEGE_008,COLLEGE_005",train
ITM_0139,Math,0.12674495564771926,0.0029589953850236053,True,"COLLEGE_014,COLLEGE_009",val
ITM_0140,English,1.7731231198395414,-0.4824915113278204,False,COLLEGE_009,train
ITM_0141,Physics,0.48810578332345483,0.437551624730461,False,"COLLEGE_009,COLLEGE_014,COLLEGE_008",test
ITM_0142,Math,2.188090161498803,0.5139928970033075,False,"COLLEGE_012,COLLEGE_007,COLLEGE_013,COLLEGE_015",val
ITM_0143,English,2.093985962413137,-2.3927935520150894,False,COLLEGE_009,test
ITM_0144,Physics,-0.05936175477419953,1.4148602586471188,True,"COLLEGE_020,COLLEGE_006,COLLEGE_007,COLLEGE_018,COLLEGE_003",train
ITM_0145,Biology,0.07825432250285203,-1.7291073214582162,True,COLLEGE_008,train
ITM_0146,CS,1.1142163466980286,-1.9718412958279032,False,"COLLEGE_004,COLLEGE_016,COLLEGE_008,COLLEGE_007",val
ITM_0147,Physics,2.3102718138031757,-1.5682814747384615,False,"COLLEGE_015,COLLEGE_018",test
ITM_0148,Biology,0.1789530769632064,-0.35516615185471295,True,"COLLEGE_013,COLLEGE_011,COLLEGE_003,COLLEGE_018",test
ITM_0149,History,1.4266238406931198,0.7611407198186857,False,"COLLEGE_004,COLLEGE_006,COLLEGE_014,COLLEGE_008",train
ITM_0150,Chemistry,0.7921033723944046,0.679285868771977,False,"COLLEGE_008,COLLEGE_007,COLLEGE_014,COLLEGE_015,COLLEGE_018",val
ITM_0151,Physics,1.8178992551981383,-0.07209503147602662,False,"COLLEGE_011,COLLEGE_013",train
ITM_0152,Chemistry,2.2232367513773985,1.442917086935472,False,"COLLEGE_001,COLLEGE_019,COLLEGE_012",train
ITM_0153,Physics,0.008749588560819532,-2.015886895805874,True,COLLEGE_016,train
ITM_0154,Chemistry,1.4853256070680678,-0.32204555275076235,False,"COLLEGE_018,COLLEGE_015,COLLEGE_007,COLLEGE_004,COLLEGE_011",train
ITM_0155,History,0.656987427800064,0.4279555393219227,False,COLLEGE_018,test
ITM_0156,CS,0.044471527108936426,0.2033137006907385,True,"COLLEGE_007,COLLEGE_005",train
ITM_0157,Economics,0.673464384162415,-0.05672445507531689,False,"COLLEGE_002,COLLEGE_010,COLLEGE_020,COLLEGE_001",train
ITM_0158,English,2.1392854280844142,-1.8495463930823495,False,"COLLEGE_017,COLLEGE_019,COLLEGE_018,COLLEGE_002,COLLEGE_014",train
ITM_0159,Chemistry,2.469839679493239,-2.6702039939422484,True,"COLLEGE_006,COLLEGE_005",train
ITM_0160,History,1.141246159294335,0.7441488611483235,False,"COLLEGE_008,COLLEGE_005,COLLEGE_003",train
ITM_0161,Chemistry,1.0033868854908068,0.0389639888495711,False,COLLEGE_012,train
ITM_0162,CS,0.08547997709424526,-1.3117460997378994,True,COLLEGE_013,train
ITM_0163,Chemistry,2.1264788642254464,3.191573450828253,True,"COLLEGE_011,COLLEGE_014,COLLEGE_013,COLLEGE_010,COLLEGE_006",val
ITM_0164,History,0.3831426070645594,-0.9678115548306986,False,"COLLEGE_020,COLLEGE_010,COLLEGE_014,COLLEGE_018,COLLEGE_015",test
ITM_0165,Biology,1.357446579406549,-0.5510644775870887,False,"COLLEGE_018,COLLEGE_003,COLLEGE_015,COLLEGE_006",train
ITM_0166,History,0.7202693927451203,-1.2225662371088561,False,COLLEGE_007,train
ITM_0167,Economics,0.6438944101514279,-0.9776227838852042,False,COLLEGE_004,train
ITM_0168,Economics,1.866830720425745,-1.1985850432008593,False,"COLLEGE_011,COLLEGE_006,COLLEGE_003,COLLEGE_002",val
ITM_0169,Economics,1.101312427684801,-1.466837537984687,False,"COLLEGE_003,COLLEGE_013,COLLEGE_007,COLLEGE_008,COLLEGE_018",train
ITM_0170,Math,0.9349809387926519,0.32209592843347457,False,"COLLEGE_008,COLLEGE_006,COLLEGE_019,COLLEGE_001",train
ITM_0171,CS,0.48926022897918375,0.3011412248544516,False,"COLLEGE_005,COLLEGE_004",train
ITM_0172,Biology,1.1958863022892494,-3.6605956228623473,True,COLLEGE_010,test
ITM_0173,Math,1.8543686648623252,0.8680974525400642,False,"COLLEGE_010,COLLEGE_017,COLLEGE_020,COLLEGE_016",train
ITM_0174,CS,1.6972439539842865,0.2522743098942309,False,"COLLEGE_001,COLLEGE_020,COLLEGE_019",train
ITM_0175,Biology,1.8936559981438275,1.2826889511420527,False,"COLLEGE_019,COLLEGE_014,COLLEGE_008,COLLEGE_005",test
ITM_0176,Chemistry,2.364570853951109,-1.4844295830263317,False,"COLLEGE_015,COLLEGE_019,COLLEGE_014",train
ITM_0177,Biology,0.8886039673023665,-2.037961542935861,False,COLLEGE_010,val
ITM_0178,History,0.9885390159497454,-1.56618196444197,False,"COLLEGE_007,COLLEGE_005,COLLEGE_016",train
ITM_0179,Math,2.033359196829652,-2.691380235269947,True,"COLLEGE_016,COLLEGE_001,COLLEGE_011,COLLEGE_012",test
ITM_0180,Chemistry,0.3000995761997469,-0.2742784693514512,True,"COLLEGE_015,COLLEGE_003",train
ITM_0181,History,0.3772143312409487,2.7835256010018314,True,"COLLEGE_019,COLLEGE_003,COLLEGE_009",test
ITM_0182,CS,1.0661075865138243,-0.05441000815207596,False,COLLEGE_004,train
ITM_0183,Biology,1.2018733106358288,1.4175252386429393,False,"COLLEGE_009,COLLEGE_013,COLLEGE_005,COLLEGE_007,COLLEGE_020",val
ITM_0184,History,0.34476526398025054,0.15043086674146972,True,"COLLEGE_016,COLLEGE_007,COLLEGE_012,COLLEGE_006",train
ITM_0185,Chemistry,1.695685500786583,1.590584225021775,False,"COLLEGE_010,COLLEGE_004",train
ITM_0186,Math,1.3605434505812979,-2.89966247059674,True,"COLLEGE_002,COLLEGE_008",val
ITM_0187,Math,1.7742244428559064,-0.45096665739214103,False,"COLLEGE_012,COLLEGE_008,COLLEGE_013,COLLEGE_011,COLLEGE_007",train
ITM_0188,Economics,1.8183735001806776,0.2620065005305928,False,"COLLEGE_007,COLLEGE_012,COLLEGE_004,COLLEGE_001",train
ITM_0189,Biology,0.8847203853279059,1.1615183385179877,False,"COLLEGE_004,COLLEGE_005,COLLEGE_012",train
ITM_0190,History,1.1793245049846415,-0.22446901976839514,False,"COLLEGE_004,COLLEGE_018,COLLEGE_008,COLLEGE_009,COLLEGE_002",val
ITM_0191,Economics,0.6299071007817251,0.11455444962995588,False,"COLLEGE_002,COLLEGE_006,COLLEGE_017,COLLEGE_015,COLLEGE_012",train
ITM_0192,Chemistry,0.5859061726813082,-2.0627164955446164,False,"COLLEGE_007,COLLEGE_002,COLLEGE_014,COLLEGE_006",val
ITM_0193,Economics,0.014559432441400455,1.256345441313851,True,"COLLEGE_017,COLLEGE_007",train
ITM_0194,Physics,0.2618243726431835,0.8259116529268963,True,"COLLEGE_008,COLLEGE_012",train
ITM_0195,CS,0.9166818444749921,0.6572867744850727,False,"COLLEGE_002,COLLEGE_010,COLLEGE_008,COLLEGE_005",train
ITM_0196,Economics,2.388021719709169,0.3744745580720861,False,COLLEGE_006,train
ITM_0197,CS,1.2653874721001561,3.5432134062836163,True,"COLLEGE_011,COLLEGE_009,COLLEGE_018,COLLEGE_015,COLLEGE_017",train
ITM_0198,Chemistry,2.073564190037337,1.029924516218246,False,COLLEGE_003,train
ITM_0199,Physics,1.587861724288273,-0.3493160448936343,False,"COLLEGE_004,COLLEGE_015,COLLEGE_006,COLLEGE_007",train
ITM_0200,Math,1.6374931314987555,-1.140501333935149,False,"COLLEGE_011,COLLEGE_019",test
ITM_0201,Biology,0.6767840071060562,0.33050260244425717,False,COLLEGE_012,train
ITM_0202,English,2.4706802386482942,-0.5543562191020375,False,"COLLEGE_002,COLLEGE_016,COLLEGE_012,COLLEGE_007",train
ITM_0203,English,1.5893456960819932,1.0438019990092064,False,"COLLEGE_017,COLLEGE_007,COLLEGE_009,COLLEGE_018",train
ITM_0204,Biology,1.904386627552396,1.6146117020957704,False,COLLEGE_004,train
ITM_0205,Chemistry,-0.46201317764205124,-0.8881850676042619,True,"COLLEGE_004,COLLEGE_013,COLLEGE_011,COLLEGE_016,COLLEGE_012",train
ITM_0206,Physics,1.0423692428472973,0.20940068305249235,False,"COLLEGE_017,COLLEGE_002,COLLEGE_010,COLLEGE_007,COLLEGE_019",train
ITM_0207,Physics,0.5556444890454143,0.4094975737775722,False,"COLLEGE_018,COLLEGE_017",val
ITM_0208,CS,1.8865872279167273,-0.38961060388780133,False,"COLLEGE_003,COLLEGE_017,COLLEGE_014",train
ITM_0209,Math,0.9365687380924348,-0.6833951760653313,False,"COLLEGE_003,COLLEGE_014,COLLEGE_002",train
ITM_0210,History,2.188912991595626,0.3033047628737349,False,COLLEGE_006,train
ITM_0211,Economics,-0.4547010129627249,3.774807142841582,True,COLLEGE_009,train
ITM_0212,Physics,0.36686658066733985,-0.7999482671616569,False,"COLLEGE_017,COLLEGE_007,COLLEGE_013",train
ITM_0213,Biology,1.7881352270800281,1.0052467192510652,False,"COLLEGE_017,COLLEGE_008,COLLEGE_001,COLLEGE_016",train
ITM_0214,History,1.095142673932925,-0.9303916585342964,False,"COLLEGE_009,COLLEGE_011,COLLEGE_014,COLLEGE_005,COLLEGE_004",train
ITM_0215,English,-0.43178283182680427,1.345247116613908,True,"COLLEGE_001,COLLEGE_019,COLLEGE_007",train
ITM_0216,History,0.4610736780323278,-0.9888709424256453,False,"COLLEGE_003,COLLEGE_008",val
ITM_0217,Math,1.9527541321451687,1.2175035039137607,False,COLLEGE_017,train
ITM_0218,Biology,1.9577197722850164,0.129614546926798,False,"COLLEGE_008,COLLEGE_009,COLLEGE_011,COLLEGE_013,COLLEGE_012",train
ITM_0219,Math,1.7251759747289332,-1.7645648324451637,False,"COLLEGE_005,COLLEGE_008,COLLEGE_002",train
ITM_0220,History,1.2684865086559443,0.13307571619609476,False,"COLLEGE_014,COLLEGE_006,COLLEGE_008,COLLEGE_011,COLLEGE_004",train
ITM_0221,Economics,1.9026344955307497,2.083863423319299,False,"COLLEGE_012,COLLEGE_013,COLLEGE_008,COLLEGE_010,COLLEGE_004",train
ITM_0222,Chemistry,0.29415165536598986,-0.043923195233936514,True,"COLLEGE_017,COLLEGE_011,COLLEGE_007,COLLEGE_002",train
ITM_0223,Physics,1.9722251109649638,-1.3560530029972377,False,"COLLEGE_008,COLLEGE_005,COLLEGE_017",val
ITM_0224,Biology,0.3331759076985552,-0.24539959052380353,True,"COLLEGE_005,COLLEGE_014,COLLEGE_003,COLLEGE_016,COLLEGE_012",train
ITM_0225,Chemistry,0.690214414749559,1.6956730122048504,False,COLLEGE_020,train
ITM_0226,History,1.533425334086309,1.040824054702653,False,"COLLEGE_014,COLLEGE_012,COLLEGE_010,COLLEGE_008",train
ITM_0227,Physics,0.03225657181712427,1.1974533789531057,True,COLLEGE_005,train
ITM_0228,CS,2.3003024512372847,0.31423279114832836,False,"COLLEGE_002,COLLEGE_008,COLLEGE_005",train
ITM_0229,Chemistry,0.8182680975003064,1.4810038305496502,False,"COLLEGE_009,COLLEGE_002,COLLEGE_013,COLLEGE_010",train
ITM_0230,Chemistry,0.7212115520396576,-1.8770458816163622,False,"COLLEGE_006,COLLEGE_016",train
ITM_0231,History,2.334828461181109,-0.22457856556909625,False,"COLLEGE_020,COLLEGE_018,COLLEGE_001",train
ITM_0232,English,1.6028511733651243,-0.4144985088765999,False,"COLLEGE_014,COLLEGE_002,COLLEGE_004,COLLEGE_010,COLLEGE_018",train
ITM_0233,History,0.7275733988120077,-0.25503723101242937,False,"COLLEGE_017,COLLEGE_016,COLLEGE_012,COLLEGE_004",test
ITM_0234,Chemistry,-0.3697854545865743,0.1899432352782905,True,COLLEGE_006,train
ITM_0235,Physics,1.152628123686773,-0.5402682636439576,False,"COLLEGE_005,COLLEGE_015",train
ITM_0236,Economics,1.0495894106566648,-1.4790726749888166,False,"COLLEGE_011,COLLEGE_017,COLLEGE_012",val
ITM_0237,English,1.9876010465974945,2.2253201200341928,False,"COLLEGE_016,COLLEGE_014,COLLEGE_008",val
ITM_0238,History,2.3607881759478158,1.6329436265749695,False,COLLEGE_014,test
ITM_0239,Economics,0.7338457447603868,-1.0563794100095618,False,"COLLEGE_006,COLLEGE_003,COLLEGE_014",train
ITM_0240,Biology,1.251688151632037,0.05782650569748257,False,"COLLEGE_005,COLLEGE_017,COLLEGE_014,COLLEGE_006",test
ITM_0241,History,1.8121312108596985,0.09356291925995826,False,"COLLEGE_015,COLLEGE_001",train
ITM_0242,Chemistry,-0.2621456018283712,-0.03736264597833082,True,"COLLEGE_001,COLLEGE_016,COLLEGE_018,COLLEGE_006",train
ITM_0243,Economics,0.9793575413555095,0.4010387318061195,False,"COLLEGE_018,COLLEGE_001,COLLEGE_019",train
ITM_0244,Chemistry,2.4041404542041076,2.4442466061549792,False,"COLLEGE_008,COLLEGE_007,COLLEGE_015,COLLEGE_010",val
ITM_0245,CS,1.5512553276569876,2.579236966726205,True,"COLLEGE_015,COLLEGE_011",train
ITM_0246,Economics,0.0631336843611554,-0.2661422412940706,True,"COLLEGE_016,COLLEGE_012,COLLEGE_018",train
ITM_0247,Economics,-0.05073165769256838,-0.9998793665817165,True,"COLLEGE_002,COLLEGE_011,COLLEGE_013",train
ITM_0248,History,1.4405649211662577,0.27910335881198967,False,COLLEGE_004,train
ITM_0249,Chemistry,0.43330257880210676,-0.4544894088529797,True,"COLLEGE_018,COLLEGE_004,COLLEGE_019,COLLEGE_017,COLLEGE_015",test
ITM_0250,Biology,0.809019396908641,-1.585745833177419,False,"COLLEGE_015,COLLEGE_008,COLLEGE_019,COLLEGE_009",train
ITM_0251,Math,2.4978703425880657,0.45878127845130656,False,"COLLEGE_020,COLLEGE_016,COLLEGE_013",train
ITM_0252,English,0.5658624582575424,-0.549501906112615,False,"COLLEGE_014,COLLEGE_012",val
ITM_0253,Math,0.0940885815519591,-1.7250164553976464,True,COLLEGE_006,train
ITM_0254,English,2.4133973316366806,0.34059283707511506,False,"COLLEGE_005,COLLEGE_012,COLLEGE_018,COLLEGE_006,COLLEGE_017",train
ITM_0255,Biology,0.8655950917230948,0.700770954616648,False,"COLLEGE_019,COLLEGE_009,COLLEGE_014,COLLEGE_001",val
ITM_0256,Economics,-0.04543368309954249,0.06561873098191116,True,"COLLEGE_013,COLLEGE_004",test
ITM_0257,Economics,2.075199317434212,-0.4222761883477882,False,"COLLEGE_002,COLLEGE_001",test
ITM_0258,History,1.5661092145047966,-1.026731242291871,False,"COLLEGE_006,COLLEGE_015,COLLEGE_003,COLLEGE_018,COLLEGE_017",train
ITM_0259,CS,0.1209985323742786,-0.5674796743591308,True,"COLLEGE_007,COLLEGE_002,COLLEGE_004,COLLEGE_008",train
ITM_0260,Chemistry,1.209914157772319,0.4427676145228143,False,"COLLEGE_013,COLLEGE_010,COLLEGE_020,COLLEGE_008",train
ITM_0261,Chemistry,2.131503187344885,0.10849679243422618,False,"COLLEGE_006,COLLEGE_012",train
ITM_0262,Chemistry,0.4172417507352765,-0.8366923810707989,True,"COLLEGE_002,COLLEGE_017,COLLEGE_005,COLLEGE_015",train
ITM_0263,History,2.300621282551858,-1.2984224379635907,False,"COLLEGE_011,COLLEGE_020,COLLEGE_009,COLLEGE_008,COLLEGE_001",train
ITM_0264,English,2.2132076921976913,-1.2561738151813062,False,"COLLEGE_002,COLLEGE_018,COLLEGE_017",test
ITM_0265,Economics,0.5045551641322378,0.18248092256293555,False,"COLLEGE_007,COLLEGE_016,COLLEGE_006",train
ITM_0266,Biology,-0.4051079979022736,-0.30509929386155077,True,COLLEGE_010,train
ITM_0267,Chemistry,1.887467878339304,-2.1146355314091156,False,COLLEGE_009,train
ITM_0268,Math,1.1997351490533026,-2.11934318711641,False,"COLLEGE_003,COLLEGE_019,COLLEGE_010,COLLEGE_017,COLLEGE_002",train
ITM_0269,Chemistry,0.7726917131520141,0.6528958933142939,False,COLLEGE_017,test
ITM_0270,Economics,1.601273170043271,-0.35393976389688064,False,"COLLEGE_013,COLLEGE_001,COLLEGE_018",train
ITM_0271,History,1.5845915208044739,1.7031230032356486,False,"COLLEGE_002,COLLEGE_012,COLLEGE_019,COLLEGE_014,COLLEGE_003",train
ITM_0272,Biology,2.153518934050706,-0.6288816283832758,False,"COLLEGE_013,COLLEGE_009,COLLEGE_007,COLLEGE_018,COLLEGE_020",train
ITM_0273,CS,2.3752150482601775,1.6136183412877318,False,"COLLEGE_002,COLLEGE_006,COLLEGE_009,COLLEGE_003",train
ITM_0274,Biology,0.8843044748262483,1.1103066495357776,False,COLLEGE_001,train
ITM_0275,Math,0.37548888040202444,0.829391277986485,False,"COLLEGE_019,COLLEGE_016,COLLEGE_007,COLLEGE_015,COLLEGE_020",val
ITM_0276,Chemistry,2.050895354133095,-2.2330809230529125,False,"COLLEGE_002,COLLEGE_001",train
ITM_0277,Chemistry,-0.22838902412477036,-0.736016379148864,True,COLLEGE_012,train
ITM_0278,Physics,2.28814883871112,0.20590831096714082,False,"COLLEGE_011,COLLEGE_017,COLLEGE_012,COLLEGE_007",train
ITM_0279,English,1.8156026439720079,0.8024920831456738,False,"COLLEGE_004,COLLEGE_005,COLLEGE_014,COLLEGE_012",val
ITM_0280,Math,1.6471916754202698,-3.821741298409061,True,"COLLEGE_006,COLLEGE_018,COLLEGE_012,COLLEGE_011,COLLEGE_015",val
ITM_0281,Physics,1.8693929177364064,2.0901612569243526,False,"COLLEGE_009,COLLEGE_018,COLLEGE_001,COLLEGE_007",train
ITM_0282,Biology,1.08623053802211,-0.574265120061262,False,"COLLEGE_006,COLLEGE_020",train
ITM_0283,CS,-0.27470933042532286,0.6187927561000731,True,"COLLEGE_010,COLLEGE_018,COLLEGE_008,COLLEGE_017,COLLEGE_020",test
ITM_0284,English,1.6923213820850918,0.9588816877707591,False,COLLEGE_013,val
ITM_0285,Math,1.0448580373883556,0.0073577405222722235,False,"COLLEGE_007,COLLEGE_017,COLLEGE_018,COLLEGE_006,COLLEGE_004",val
ITM_0286,Chemistry,0.48426611468358083,3.59178380207522,True,COLLEGE_006,val
ITM_0287,Biology,-0.4379935071721889,0.9094343621236516,True,"COLLEGE_004,COLLEGE_010",train
ITM_0288,Math,-0.20486491938365076,-0.328637752088452,True,COLLEGE_015,train
ITM_0289,Chemistry,2.1395162523622036,-0.012249955932645499,False,COLLEGE_010,test
ITM_0290,Economics,1.674195177383139,0.33808865815954636,False,"COLLEGE_011,COLLEGE_001,COLLEGE_006,COLLEGE_002,COLLEGE_007",test
ITM_0291,English,0.7669392322875138,0.16968978360604112,False,"COLLEGE_019,COLLEGE_020,COLLEGE_009,COLLEGE_015,COLLEGE_011",train
ITM_0292,Economics,2.488603192118427,0.2001289261899474,False,"COLLEGE_017,COLLEGE_018,COLLEGE_010,COLLEGE_003",train
ITM_0293,Economics,2.170284738315258,-0.06649021414721727,False,"COLLEGE_019,COLLEGE_005,COLLEGE_014,COLLEGE_016",test
ITM_0294,Chemistry,2.4144433454509175,-0.17270427604304045,False,"COLLEGE_003,COLLEGE_018,COLLEGE_017,COLLEGE_015,COLLEGE_009",train
ITM_0295,CS,1.561775659036345,0.4671628566271667,False,COLLEGE_007,test
ITM_0296,Biology,0.8705127582516395,1.9207763482597473,False,"COLLEGE_017,COLLEGE_001,COLLEGE_002,COLLEGE_018,COLLEGE_012",train
ITM_0297,History,2.2514986459159707,-1.3741044296502436,False,"COLLEGE_003,COLLEGE_004,COLLEGE_016,COLLEGE_008,COLLEGE_006",train
ITM_0298,Chemistry,0.9937374775302604,1.0303086551186404,False,"COLLEGE_013,COLLEGE_009,COLLEGE_005,COLLEGE_003",train
ITM_0299,CS,1.9685047805701927,-0.4022753400378373,False,"COLLEGE_003,COLLEGE_001,COLLEGE_005,COLLEGE_018",train
ITM_0300,History,1.518068072783998,2.0727908352178823,False,COLLEGE_018,train
ITM_0301,Biology,0.7965208051048347,0.45354677143533007,False,"COLLEGE_014,COLLEGE_005,COLLEGE_017",train
ITM_0302,Economics,0.1257881175160359,-0.4409853942729167,True,"COLLEGE_003,COLLEGE_017,COLLEGE_009,COLLEGE_010,COLLEGE_011",val
ITM_0303,English,1.564767807703587,-0.41972796565980414,False,"COLLEGE_004,COLLEGE_002",test
ITM_0304,English,1.1776444004463764,-1.1720302056466347,False,"COLLEGE_018,COLLEGE_014,COLLEGE_013,COLLEGE_005,COLLEGE_020",train
ITM_0305,Biology,1.248316983599807,0.5716912300104383,False,"COLLEGE_014,COLLEGE_006,COLLEGE_011",train
ITM_0306,Biology,0.8511522523534212,-0.9534856540474193,False,"COLLEGE_018,COLLEGE_013,COLLEGE_003,COLLEGE_010",train
ITM_0307,Math,-0.1375028769004274,0.2659696461636775,True,COLLEGE_005,train
ITM_0308,CS,2.380541619063236,-2.079431571528419,False,COLLEGE_008,train
ITM_0309,Economics,2.4551379226631087,-1.294479479040223,False,COLLEGE_017,train
ITM_0310,CS,0.7612498239783294,1.011800644801459,False,"COLLEGE_017,COLLEGE_012",train
ITM_0311,Biology,0.9883618920181778,-0.9102119888225104,False,"COLLEGE_010,COLLEGE_014",train
ITM_0312,Physics,1.632359435132516,-0.3217865328631555,False,COLLEGE_007,train
ITM_0313,Physics,2.4475902465369908,-0.3316024859118415,False,"COLLEGE_013,COLLEGE_018",val
ITM_0314,History,0.811261475587066,0.27616878152061025,False,COLLEGE_020,train
ITM_0315,History,-0.1654684406177686,0.6381303373988124,True,"COLLEGE_009,COLLEGE_003,COLLEGE_012,COLLEGE_002,COLLEGE_019",test
ITM_0316,Physics,1.5659546309347876,0.7771073677754943,False,COLLEGE_007,test
ITM_0317,Biology,0.2620691945482485,-0.7987380618274258,True,"COLLEGE_003,COLLEGE_006",test
ITM_0318,Biology,1.9167279729430242,-0.3012698018384901,False,"COLLEGE_018,COLLEGE_009",test
ITM_0319,History,1.757844295065269,0.674157797193358,False,COLLEGE_004,train
ITM_0320,Chemistry,1.1278693117055711,0.3151588405297984,False,"COLLEGE_005,COLLEGE_007,COLLEGE_018,COLLEGE_002,COLLEGE_003",train
ITM_0321,Biology,1.197629705907278,-0.44227584600335995,False,"COLLEGE_007,COLLEGE_009,COLLEGE_008,COLLEGE_019",train
ITM_0322,Physics,0.4084241780319311,1.2467972659827053,False,"COLLEGE_020,COLLEGE_007,COLLEGE_009",val
ITM_0323,CS,1.8075085335694734,-0.7112544044236903,False,"COLLEGE_001,COLLEGE_005,COLLEGE_018",test
ITM_0324,Biology,1.3659408659184367,0.8309189180233204,False,"COLLEGE_011,COLLEGE_007,COLLEGE_008",test
ITM_0325,Economics,1.8478706720574678,-1.4848101838948622,False,"COLLEGE_002,COLLEGE_005,COLLEGE_014,COLLEGE_020",train
ITM_0326,Biology,1.796462626667581,0.04582547309571542,False,"COLLEGE_003,COLLEGE_020",val
ITM_0327,Chemistry,0.995838078513938,2.6854191110022994,False,COLLEGE_003,train
ITM_0328,History,1.7319827817497737,-2.6454486074013697,False,COLLEGE_017,train
ITM_0329,Biology,1.980613160271215,1.6560379006139905,False,"COLLEGE_018,COLLEGE_015,COLLEGE_002",val
ITM_0330,English,2.302119844820259,-3.1175292317627923,True,"COLLEGE_012,COLLEGE_013",train
ITM_0331,Math,1.1827668548418888,0.24083638278283412,False,"COLLEGE_007,COLLEGE_005,COLLEGE_001,COLLEGE_015",test
ITM_0332,Physics,1.9285694299870677,-2.030042187113993,False,"COLLEGE_014,COLLEGE_006,COLLEGE_017,COLLEGE_013,COLLEGE_002",train
ITM_0333,Economics,0.5504099406693017,-3.8325952008221624,True,"COLLEGE_001,COLLEGE_020,COLLEGE_009",test
ITM_0334,Economics,0.49428319228165596,-0.8092149919155591,False,"COLLEGE_006,COLLEGE_015,COLLEGE_008",train
ITM_0335,Economics,2.4709471960488325,-1.1832169712396678,False,"COLLEGE_016,COLLEGE_013,COLLEGE_018,COLLEGE_020,COLLEGE_006",val
ITM_0336,English,2.116311821722724,-1.7075275686523474,False,"COLLEGE_009,COLLEGE_004,COLLEGE_001,COLLEGE_012",val
ITM_0337,Economics,2.4275847576002643,-0.925410350940183,False,COLLEGE_013,test
ITM_0338,Economics,0.5640282827940963,1.5633399321852524,False,"COLLEGE_020,COLLEGE_014,COLLEGE_001,COLLEGE_019",train
ITM_0339,History,0.8481564150780955,0.7625521305958946,False,"COLLEGE_002,COLLEGE_015",test
ITM_0340,CS,0.5338005703058786,-1.4236998356604122,False,"COLLEGE_018,COLLEGE_004,COLLEGE_010,COLLEGE_013,COLLEGE_002",train
ITM_0341,Math,1.7078399937002087,-3.270474827335757,True,"COLLEGE_015,COLLEGE_017,COLLEGE_002",train
ITM_0342,English,2.1552031832733327,0.37862752910430386,False,"COLLEGE_014,COLLEGE_003,COLLEGE_009",train
ITM_0343,Math,2.278988881503351,-0.057430713183308765,False,"COLLEGE_007,COLLEGE_018",val
ITM_0344,Physics,1.235506450580871,-0.38196121692520085,False,"COLLEGE_014,COLLEGE_003",train
ITM_0345,History,-0.08926964857877506,-0.649944915971025,True,"COLLEGE_005,COLLEGE_019,COLLEGE_018",val
ITM_0346,Biology,0.14155735046680773,0.9282571381284217,True,"COLLEGE_017,COLLEGE_007",val
ITM_0347,CS,2.418897829327796,-1.2611293994267525,False,"COLLEGE_016,COLLEGE_009",train
ITM_0348,History,-0.35913158899887987,1.0987845651100128,True,"COLLEGE_004,COLLEGE_009",test
ITM_0349,Math,0.7150204204799626,1.4236987086211306,False,"COLLEGE_015,COLLEGE_017,COLLEGE_012,COLLEGE_020",train
ITM_0350,English,1.9169934163129523,-1.5199583941279315,False,"COLLEGE_016,COLLEGE_018,COLLEGE_006,COLLEGE_013,COLLEGE_012",test
ITM_0351,Physics,0.921354708801322,-1.187581159397236,False,COLLEGE_001,train
ITM_0352,Physics,0.4286250965803601,-0.9832099112814882,False,COLLEGE_020,train
ITM_0353,History,1.8913009775341463,1.390166395767993,False,COLLEGE_014,train
ITM_0354,Biology,0.3960957132396935,-0.5964368287990904,False,"COLLEGE_004,COLLEGE_011,COLLEGE_009,COLLEGE_017",train
ITM_0355,English,0.07124294562396882,-1.1437890057061104,True,COLLEGE_009,train
ITM_0356,Biology,1.5099391340662351,1.327748582753573,False,"COLLEGE_018,COLLEGE_006,COLLEGE_008,COLLEGE_014",train
ITM_0357,Biology,0.4890309192787269,-0.29501798093278003,False,"COLLEGE_019,COLLEGE_007,COLLEGE_015",train
ITM_0358,Economics,1.5486642690346417,-0.2908505497261336,False,"COLLEGE_003,COLLEGE_004,COLLEGE_015,COLLEGE_007,COLLEGE_005",train
ITM_0359,English,0.8539723504777569,1.1546526942973174,False,"COLLEGE_003,COLLEGE_016,COLLEGE_001,COLLEGE_018,COLLEGE_017",train
ITM_0360,Math,0.02181125772183612,-3.5142255538812326,True,"COLLEGE_016,COLLEGE_020,COLLEGE_009,COLLEGE_010",val
ITM_0361,History,2.151984930051526,2.290317446028838,False,"COLLEGE_001,COLLEGE_017,COLLEGE_015,COLLEGE_008",train
ITM_0362,History,2.2474810260983484,1.0817545617981672,False,"COLLEGE_006,COLLEGE_013,COLLEGE_008,COLLEGE_003",test
ITM_0363,Economics,1.863688135618084,-0.4673554647444845,False,"COLLEGE_014,COLLEGE_006,COLLEGE_012,COLLEGE_015,COLLEGE_004",train
ITM_0364,Chemistry,0.14490406577741832,-0.034790870302440435,True,COLLEGE_003,train
ITM_0365,History,-0.28367592710936285,-1.2391860195560682,True,"COLLEGE_020,COLLEGE_007",train
ITM_0366,Physics,1.9240112499724331,-0.22069382081848005,False,"COLLEGE_014,COLLEGE_006,COLLEGE_015",train
ITM_0367,Math,1.7985894808809046,-1.5823703589990006,False,"COLLEGE_012,COLLEGE_006",train
ITM_0368,English,0.8778288937090644,-1.4119364198376843,False,"COLLEGE_002,COLLEGE_012,COLLEGE_018,COLLEGE_019,COLLEGE_017",train
ITM_0369,History,1.3375347859620588,-0.38840332960180496,False,"COLLEGE_003,COLLEGE_017,COLLEGE_010",test
ITM_0370,Math,2.2710895039089793,0.12787426967385318,False,"COLLEGE_016,COLLEGE_017,COLLEGE_012,COLLEGE_004",val
ITM_0371,Economics,2.3306835189045434,-0.7675451267264659,False,COLLEGE_010,train
ITM_0372,History,0.2693780380892613,-1.6736692139309968,True,"COLLEGE_008,COLLEGE_005,COLLEGE_002,COLLEGE_001",val
ITM_0373,English,1.5431969699329784,-0.6310933447313524,False,"COLLEGE_007,COLLEGE_012,COLLEGE_015",train
ITM_0374,CS,1.3111823444127708,-1.403449176541411,False,COLLEGE_008,train
ITM_0375,English,0.5701613243202327,-1.3330720714034345,False,"COLLEGE_007,COLLEGE_019,COLLEGE_018,COLLEGE_003,COLLEGE_020",train
ITM_0376,English,1.6214200060016593,0.8726298364197619,False,"COLLEGE_014,COLLEGE_016,COLLEGE_017,COLLEGE_019",val
ITM_0377,English,1.2230640285891217,1.5293557557743418,False,"COLLEGE_006,COLLEGE_008",val
ITM_0378,History,0.09682746233537076,0.9791626719740327,True,"COLLEGE_008,COLLEGE_011,COLLEGE_005",val
ITM_0379,Chemistry,2.0396137419176528,-0.4858146408356502,False,"COLLEGE_017,COLLEGE_010,COLLEGE_002,COLLEGE_020,COLLEGE_013",train
ITM_0380,English,0.7355224615733322,0.6488536759988041,False,COLLEGE_001,train
ITM_0381,Economics,1.0717424059673257,-0.7340734723881447,False,"COLLEGE_014,COLLEGE_015,COLLEGE_020,COLLEGE_003",val
ITM_0382,Physics,1.1252576996647305,0.2763788458468117,False,COLLEGE_009,train
ITM_0383,Physics,1.856676010026559,-0.9389336564141179,False,"COLLEGE_007,COLLEGE_011,COLLEGE_009,COLLEGE_014,COLLEGE_012",train
ITM_0384,Economics,1.5404651542107164,1.6372874082574411,False,"COLLEGE_001,COLLEGE_020",train
ITM_0385,Math,1.5346268756668802,1.6724772475296616,False,"COLLEGE_005,COLLEGE_018,COLLEGE_014,COLLEGE_012",train
ITM_0386,Chemistry,0.9512720250822201,-0.9369380224765164,False,COLLEGE_006,train
ITM_0387,Math,1.3374811565360631,1.249586375632274,False,"COLLEGE_005,COLLEGE_006,COLLEGE_008,COLLEGE_004,COLLEGE_012",train
ITM_0388,Economics,1.1122700434683055,0.9058394397281057,False,"COLLEGE_017,COLLEGE_009,COLLEGE_005,COLLEGE_003",train
ITM_0389,Physics,2.043559047802738,0.10417399939248452,False,"COLLEGE_016,COLLEGE_009,COLLEGE_003,COLLEGE_010",train
ITM_0390,Biology,1.3752120284182383,2.132803265535443,False,"COLLEGE_018,COLLEGE_013,COLLEGE_015,COLLEGE_010,COLLEGE_011",train
ITM_0391,Physics,1.9206440813704875,-0.9665538231686464,False,COLLEGE_004,train
ITM_0392,CS,0.6570413404327395,1.7881504327242557,False,"COLLEGE_020,COLLEGE_016",train
ITM_0393,English,1.5544969084262643,-0.33268995627895687,False,COLLEGE_017,train
ITM_0394,Biology,0.7849190750259566,0.598138809461045,False,"COLLEGE_017,COLLEGE_006,COLLEGE_019",train
ITM_0395,Physics,0.984781167202776,1.7989936100071082,False,"COLLEGE_009,COLLEGE_012",train
ITM_0396,History,1.1606263181053342,3.4388299664957263,True,"COLLEGE_017,COLLEGE_018",val
ITM_0397,History,2.1375865814793285,-0.8313968614969712,False,"COLLEGE_003,COLLEGE_018,COLLEGE_008,COLLEGE_007",val
ITM_0398,Math,1.6317500155079565,-0.3536532466130173,False,"COLLEGE_012,COLLEGE_009,COLLEGE_008",train
ITM_0399,Biology,0.39134816243203435,-1.462581999861187,False,"COLLEGE_007,COLLEGE_008,COLLEGE_003,COLLEGE_016",train
ITM_0400,Math,0.9528474839692536,-0.5825296429249196,False,COLLEGE_011,test
ITM_0401,English,1.7642235755620836,-1.3313706538076922,False,"COLLEGE_007,COLLEGE_019,COLLEGE_011",train
ITM_0402,English,2.1633969538791913,-1.4176259574994143,False,"COLLEGE_011,COLLEGE_003,COLLEGE_016,COLLEGE_002",train
ITM_0403,CS,0.8886705121833384,-0.23670076842276,False,"COLLEGE_003,COLLEGE_011",train
ITM_0404,Economics,0.40755675926172485,-0.822022131522077,False,"COLLEGE_015,COLLEGE_012",train
ITM_0405,Economics,1.8435448078350287,2.6405872990895745,True,"COLLEGE_011,COLLEGE_002,COLLEGE_014,COLLEGE_017",train
ITM_0406,Chemistry,-0.2954908653748122,2.1517371931289957,True,COLLEGE_006,test
ITM_0407,Math,1.4196680224749083,2.3500692212074075,False,"COLLEGE_010,COLLEGE_013,COLLEGE_020",test
ITM_0408,English,2.2238985592971376,3.6771026711291492,True,COLLEGE_003,train
ITM_0409,Economics,1.8742513653711068,-0.8120486547268235,False,"COLLEGE_008,COLLEGE_001,COLLEGE_016,COLLEGE_011",train
ITM_0410,Math,0.7030664601887937,3.894977174701202,True,COLLEGE_001,train
ITM_0411,English,1.827644715198928,0.4903714329457276,False,"COLLEGE_011,COLLEGE_004,COLLEGE_001",train
ITM_0412,Physics,0.6974605982800324,-0.4165703641973157,False,"COLLEGE_012,COLLEGE_016,COLLEGE_004,COLLEGE_002,COLLEGE_010",train
ITM_0413,Math,0.6170030027928322,1.461627365663572,False,COLLEGE_010,train
ITM_0414,Physics,0.33058222322121433,-3.5234041800735403,True,"COLLEGE_015,COLLEGE_020",train
ITM_0415,Math,1.196403795361396,1.2416080767665465,False,COLLEGE_003,train
ITM_0416,Chemistry,0.8912826810727132,0.585258511438418,False,COLLEGE_010,train
ITM_0417,CS,1.358381025688494,0.5251867546899004,False,"COLLEGE_014,COLLEGE_018,COLLEGE_007,COLLEGE_017,COLLEGE_011",test
ITM_0418,History,0.34468771389599606,0.9728720006868178,True,"COLLEGE_008,COLLEGE_019,COLLEGE_014",train
ITM_0419,Economics,2.197624483218566,2.1040855527755644,False,"COLLEGE_013,COLLEGE_010,COLLEGE_020",test
ITM_0420,History,1.5072434046412462,0.7566530504201424,False,"COLLEGE_013,COLLEGE_020,COLLEGE_009,COLLEGE_003,COLLEGE_010",train
ITM_0421,History,0.7561647913324451,-0.708263685515229,False,COLLEGE_017,train
ITM_0422,Physics,-0.010970994628329234,3.401615198509589,True,"COLLEGE_012,COLLEGE_011,COLLEGE_017,COLLEGE_016,COLLEGE_007",train
ITM_0423,Biology,2.10021797547082,-0.9065993380405273,False,"COLLEGE_018,COLLEGE_013,COLLEGE_007",train
ITM_0424,English,1.2012089741397696,-0.9900336921235294,False,"COLLEGE_019,COLLEGE_008",train
ITM_0425,History,0.964013511557221,1.2360090954485106,False,"COLLEGE_018,COLLEGE_014",test
ITM_0426,Chemistry,0.4454132312553357,2.079989646328032,True,"COLLEGE_004,COLLEGE_012,COLLEGE_003,COLLEGE_017",test
ITM_0427,History,2.2543876423421314,-1.390011640274555,False,COLLEGE_013,train
ITM_0428,Math,0.6932321658026435,3.7323873611763707,True,COLLEGE_004,train
ITM_0429,Physics,2.2402475732250604,-2.0698979807029794,False,COLLEGE_013,train
ITM_0430,Biology,1.5432695359209303,-0.6217608680002288,False,COLLEGE_009,train
ITM_0431,Math,1.406968691406711,-3.778067891839044,True,COLLEGE_014,train
ITM_0432,Biology,1.014884312894054,-0.6458845560897469,False,"COLLEGE_015,COLLEGE_004,COLLEGE_014,COLLEGE_018,COLLEGE_011",train
ITM_0433,Math,1.954309539132204,-1.6430570950104626,False,COLLEGE_006,train
ITM_0434,Math,-0.3661453438305302,-0.8316945452058875,True,"COLLEGE_018,COLLEGE_015,COLLEGE_017",train
ITM_0435,Economics,2.2284747270938445,1.2059060628597127,False,COLLEGE_016,train
ITM_0436,CS,0.32866143620303256,1.9167093725715738,True,"COLLEGE_014,COLLEGE_017,COLLEGE_001,COLLEGE_008,COLLEGE_009",train
ITM_0437,CS,0.39720002903559454,0.11766949496145256,False,"COLLEGE_016,COLLEGE_009,COLLEGE_006",train
ITM_0438,English,1.8657870066675004,1.0950190373017044,False,COLLEGE_007,test
ITM_0439,Physics,1.7991493351935102,-0.5757864619493449,False,COLLEGE_006,train
ITM_0440,Chemistry,0.7483265777501296,-3.653594598087743,False,"COLLEGE_013,COLLEGE_011,COLLEGE_004,COLLEGE_007",test
ITM_0441,Chemistry,1.4234212004948135,-0.4633376512541907,False,COLLEGE_001,val
ITM_0442,Chemistry,1.525484438165316,0.8008121132704448,False,"COLLEGE_007,COLLEGE_011,COLLEGE_019,COLLEGE_005",test
ITM_0443,Economics,1.1706298573603413,-0.4822301360097763,False,"COLLEGE_002,COLLEGE_018",val
ITM_0444,Math,0.38355598880881087,0.607875846083279,False,"COLLEGE_003,COLLEGE_006,COLLEGE_009",train
ITM_0445,CS,1.507794076980344,0.14404866041930514,False,"COLLEGE_016,COLLEGE_011",test
ITM_0446,Physics,2.495348252026857,-0.25185224113381194,False,"COLLEGE_012,COLLEGE_007,COLLEGE_006,COLLEGE_005,COLLEGE_010",train
ITM_0447,Math,2.066138225349475,0.3720827239989884,False,"COLLEGE_001,COLLEGE_008,COLLEGE_019,COLLEGE_011,COLLEGE_009",train
ITM_0448,Biology,0.3410341557076326,-1.129980425757116,True,"COLLEGE_003,COLLEGE_001,COLLEGE_005,COLLEGE_007",test
ITM_0449,CS,0.4623238769463226,-1.289296258395939,False,"COLLEGE_020,COLLEGE_002,COLLEGE_010,COLLEGE_016,COLLEGE_015",val
ITM_0450,CS,0.35137484085015,-1.1915932242860756,False,"COLLEGE_008,COLLEGE_001,COLLEGE_013",test
ITM_0451,History,2.2057314690539878,-1.1811749201120374,False,"COLLEGE_014,COLLEGE_006",val
ITM_0452,History,2.089739789643931,3.0713854673432697,False,"COLLEGE_008,COLLEGE_018,COLLEGE_019",test
ITM_0453,Economics,1.9751277225755506,3.145304044701955,True,COLLEGE_006,val
ITM_0454,Physics,0.5865456724316748,-0.46856999633266805,False,COLLEGE_011,val
ITM_0455,Biology,0.24606510658184477,1.597198258955637,True,"COLLEGE_010,COLLEGE_017",train
ITM_0456,Physics,0.8047691131500889,-0.8037063597479365,False,"COLLEGE_019,COLLEGE_001,COLLEGE_016",test
ITM_0457,Physics,-0.058688459651801805,1.2424757397656918,True,COLLEGE_007,val
ITM_0458,Economics,0.8228377782846545,-0.6213663183961394,False,"COLLEGE_008,COLLEGE_011,COLLEGE_009,COLLEGE_002",val
ITM_0459,Economics,1.0814842692731426,0.6130840549038992,False,COLLEGE_012,train
ITM_0460,Math,2.046509063195641,-0.42956026650407747,False,"COLLEGE_011,COLLEGE_010,COLLEGE_001,COLLEGE_015,COLLEGE_013",train
ITM_0461,English,0.9353322031965132,0.4187205928213368,False,"COLLEGE_019,COLLEGE_002,COLLEGE_018,COLLEGE_013,COLLEGE_005",train
ITM_0462,Economics,1.755680017676311,1.3946292631830992,False,"COLLEGE_008,COLLEGE_018",test
ITM_0463,Physics,0.5193814526584157,1.081555453447231,False,"COLLEGE_007,COLLEGE_013,COLLEGE_017",train
ITM_0464,History,0.8542698166083141,-2.179992124222925,False,COLLEGE_007,train
ITM_0465,English,0.7454869483718756,0.9480518449556642,False,"COLLEGE_004,COLLEGE_016,COLLEGE_001,COLLEGE_009,COLLEGE_020",train
ITM_0466,Math,-0.04240179366756758,3.6858881929756193,True,"COLLEGE_018,COLLEGE_020",val
ITM_0467,English,1.3999624336045806,-2.938053389742405,True,"COLLEGE_003,COLLEGE_002,COLLEGE_004",val
ITM_0468,Chemistry,2.00173272193958,1.702877296029025,False,"COLLEGE_001,COLLEGE_014,COLLEGE_016",val
ITM_0469,Biology,1.8488505999834337,-2.339508207271239,False,"COLLEGE_012,COLLEGE_001,COLLEGE_005",train
ITM_0470,English,-0.16262344544999885,-1.020939298353784,True,"COLLEGE_010,COLLEGE_003,COLLEGE_005,COLLEGE_018",train
ITM_0471,Physics,0.532232867541942,-0.8745482356528601,False,"COLLEGE_004,COLLEGE_018",train
ITM_0472,Math,0.8892288848769272,1.5789862080194674,False,"COLLEGE_004,COLLEGE_014,COLLEGE_011,COLLEGE_001,COLLEGE_006",train
ITM_0473,Biology,2.1821000622871227,0.7760927225023734,False,"COLLEGE_013,COLLEGE_019,COLLEGE_005",val
ITM_0474,Physics,2.303609456881773,-0.03576453822172876,False,"COLLEGE_014,COLLEGE_013,COLLEGE_017",train
ITM_0475,Biology,0.6234888565762289,0.6295016196571376,False,"COLLEGE_004,COLLEGE_016,COLLEGE_019,COLLEGE_010",train
ITM_0476,History,0.9770663565770146,-1.1118159057356978,False,"COLLEGE_015,COLLEGE_005,COLLEGE_009,COLLEGE_007",train
ITM_0477,Chemistry,0.8966426656212693,-0.6402523509876982,False,"COLLEGE_017,COLLEGE_008,COLLEGE_005,COLLEGE_001,COLLEGE_016",train
ITM_0478,History,1.7532814345829904,-0.6516263356629476,False,COLLEGE_019,test
ITM_0479,Physics,1.2038778748772787,-0.8363297521657159,False,COLLEGE_019,train
ITM_0480,Physics,1.4044879790885991,3.2031002902321903,True,"COLLEGE_011,COLLEGE_003,COLLEGE_010,COLLEGE_020,COLLEGE_006",val
ITM_0481,Physics,1.461444169121556,-0.8872113403589824,False,"COLLEGE_004,COLLEGE_010",train
ITM_0482,CS,-0.4023207873854174,2.222951868256076,True,COLLEGE_020,train
ITM_0483,Chemistry,0.41041861977793503,-0.055439796901517895,False,"COLLEGE_012,COLLEGE_007,COLLEGE_017,COLLEGE_002,COLLEGE_015",train
ITM_0484,Biology,0.1909014256631122,0.21855490357467008,True,COLLEGE_009,train
ITM_0485,Economics,-0.37131431583622554,-0.4672076492059903,True,"COLLEGE_007,COLLEGE_019,COLLEGE_018,COLLEGE_017,COLLEGE_004",val
ITM_0486,Physics,0.6946309687147817,-1.580200901475796,False,"COLLEGE_012,COLLEGE_019",train
ITM_0487,Physics,1.4454535311252985,0.6969889135755376,False,"COLLEGE_020,COLLEGE_009,COLLEGE_011,COLLEGE_018",train
ITM_0488,Biology,2.140738704072882,0.8658140857065864,False,"COLLEGE_011,COLLEGE_005,COLLEGE_001,COLLEGE_003,COLLEGE_006",train
ITM_0489,Economics,1.4259099738099477,-2.644146990574418,True,"COLLEGE_020,COLLEGE_013",train
ITM_0490,History,1.0149006375175638,-0.28970380262186957,False,"COLLEGE_020,COLLEGE_014,COLLEGE_016,COLLEGE_018",val
ITM_0491,History,-0.009751718775296903,1.131619090281285,True,"COLLEGE_010,COLLEGE_001,COLLEGE_013",train
ITM_0492,Physics,2.394720788209503,2.5148283959524385,False,"COLLEGE_017,COLLEGE_013,COLLEGE_015,COLLEGE_016,COLLEGE_018",train
ITM_0493,Math,-0.2591691205212361,-0.5500267112948473,True,"COLLEGE_017,COLLEGE_015,COLLEGE_016",val
ITM_0494,CS,0.37890469456434495,1.3119760544019827,False,"COLLEGE_011,COLLEGE_003,COLLEGE_015,COLLEGE_009,COLLEGE_017",train
ITM_0495,History,0.9781801272713965,0.9072573311769716,False,"COLLEGE_005,COLLEGE_012,COLLEGE_006,COLLEGE_013,COLLEGE_003",train
ITM_0496,Math,1.8475588981339697,-0.4255087590035776,False,"COLLEGE_014,COLLEGE_020,COLLEGE_003,COLLEGE_006,COLLEGE_012",train
ITM_0497,CS,1.679983467227368,-0.6546631232842642,False,COLLEGE_016,train
ITM_0498,Physics,1.1605354560382648,0.6760026036706871,False,COLLEGE_015,val
ITM_0499,Chemistry,0.051208015506013393,-0.5217921495212838,True,"COLLEGE_013,COLLEGE_014,COLLEGE_017,COLLEGE_005,COLLEGE_009",train
ITM_0500,English,1.9551183486772947,0.34497561001778493,False,"COLLEGE_003,COLLEGE_020,COLLEGE_012,COLLEGE_010",test
ITM_0001,CS,0.47884229369547804,-2.539096891017708,True,"COLLEGE_002,COLLEGE_011,COLLEGE_013,COLLEGE_005,COLLEGE_007",train
