job_id,skill_id,min_proficiency
job_0,skill_88,67
job_0,skill_26,73
job_0,skill_101,38
job_0,skill_118,76
job_0,skill_15,39
job_0,skill_92,53
job_0,skill_86,68
job_0,skill_131,70
job_0,skill_2,77
job_0,skill_4,51
job_0,skill_114,70
job_0,skill_3,78
job_0,skill_119,59
job_0,skill_83,69
job_0,skill_120,75
job_1,skill_4,77
job_1,skill_62,33
job_1,skill_87,69
job_1,skill_40,42
job_1,skill_102,78
job_1,skill_61,48
job_1,skill_142,35
job_1,skill_24,35
job_1,skill_99,37
job_1,skill_3,40
job_1,skill_69,67
job_2,skill_21,73
job_2,skill_58,54
job_2,skill_89,37
job_2,skill_130,49
job_2,skill_75,70
job_2,skill_45,57
job_2,skill_54,58
job_2,skill_113,34
job_2,skill_78,52
job_2,skill_94,62
job_2,skill_59,69
job_2,skill_105,35
job_2,skill_126,35
job_2,skill_69,72
job_2,skill_2,36
job_3,skill_6,56
job_3,skill_15,60
job_3,skill_49,80
job_3,skill_58,48
job_3,skill_0,76
job_3,skill_105,40
job_3,skill_69,33
job_3,skill_88,63
job_3,skill_47,70
job_3,skill_62,66
job_3,skill_30,42
job_3,skill_112,60
job_3,skill_98,68
job_3,skill_11,45
job_5,skill_145,61
job_5,skill_127,33
job_5,skill_138,79
job_5,skill_103,60
job_5,skill_60,54
job_5,skill_29,58
job_5,skill_149,42
job_5,skill_9,30
job_5,skill_132,60
job_5,skill_53,44
job_6,skill_72,69
job_6,skill_120,38
job_6,skill_70,62
job_6,skill_46,43
job_6,skill_25,62
job_6,skill_2,76
job_6,skill_136,43
job_6,skill_94,59
job_6,skill_57,70
job_6,skill_123,58
job_6,skill_30,48
job_6,skill_5,66
job_6,skill_143,65
job_6,skill_50,59
job_7,skill_27,38
job_7,skill_37,41
job_7,skill_96,38
job_7,skill_92,38
job_7,skill_142,45
job_7,skill_7,42
job_7,skill_16,76
job_7,skill_148,76
job_7,skill_89,59
job_7,skill_43,31
job_7,skill_12,45
job_7,skill_36,30
job_7,skill_145,63
job_8,skill_136,36
job_8,skill_111,48
job_8,skill_109,70
job_8,skill_98,60
job_8,skill_124,46
job_8,skill_125,36
job_8,skill_15,77
job_8,skill_72,60
job_9,skill_62,53
job_9,skill_132,74
job_9,skill_113,74
job_9,skill_87,50
job_9,skill_26,47
job_9,skill_27,56
job_9,skill_134,62
job_9,skill_38,76
job_9,skill_75,71
job_9,skill_111,54
job_9,skill_9,47
job_9,skill_56,72
job_10,skill_82,70
job_10,skill_83,80
job_10,skill_126,54
job_10,skill_117,67
job_10,skill_36,61
job_11,skill_123,73
job_11,skill_32,63
job_11,skill_96,50
job_11,skill_15,51
job_11,skill_71,73
job_12,skill_7,61
job_12,skill_114,56
job_12,skill_74,77
job_12,skill_88,53
job_12,skill_139,78
job_12,skill_54,51
job_12,skill_65,50
job_12,skill_67,60
job_12,skill_25,50
job_12,skill_28,71
job_12,skill_81,61
job_12,skill_137,68
job_12,skill_127,79
job_12,skill_53,30
job_13,skill_29,77
job_13,skill_82,42
job_13,skill_46,59
job_13,skill_9,63
job_13,skill_30,68
job_13,skill_116,56
job_13,skill_36,74
job_13,skill_26,39
job_13,skill_4,54
job_13,skill_57,60
job_13,skill_77,80
job_14,skill_7,64
job_14,skill_91,54
job_14,skill_45,79
job_14,skill_110,52
job_14,skill_79,31
job_14,skill_126,62
job_14,skill_61,55
job_14,skill_47,57
job_14,skill_98,30
job_14,skill_81,46
job_14,skill_66,36
job_14,skill_70,54
job_14,skill_106,73
job_14,skill_87,35
job_14,skill_67,56
job_15,skill_35,73
job_15,skill_84,30
job_15,skill_99,46
job_15,skill_45,36
job_15,skill_123,67
job_15,skill_24,62
job_15,skill_82,55
job_15,skill_78,76
job_15,skill_139,44
job_15,skill_28,30
job_15,skill_95,78
job_16,skill_125,37
job_16,skill_143,61
job_16,skill_64,77
job_16,skill_11,37
job_16,skill_83,62
job_16,skill_71,47
job_16,skill_21,40
job_16,skill_82,64
job_16,skill_20,30
job_16,skill_113,48
job_16,skill_130,63
job_16,skill_95,67
job_17,skill_114,51
job_17,skill_20,57
job_17,skill_61,42
job_17,skill_17,42
job_17,skill_51,30
job_17,skill_140,64
job_17,skill_34,79
job_17,skill_108,37
job_17,skill_11,47
job_17,skill_90,34
job_17,skill_111,62
job_17,skill_64,49
job_17,skill_4,73
job_18,skill_142,64
job_18,skill_40,75
job_18,skill_100,67
job_18,skill_13,42
job_18,skill_92,33
job_18,skill_19,37
job_18,skill_46,38
job_18,skill_127,55
job_18,skill_35,72
job_18,skill_23,80
job_19,skill_20,67
job_19,skill_13,33
job_19,skill_27,33
job_19,skill_43,36
job_19,skill_126,34
job_20,skill_8,37
job_20,skill_12,76
job_20,skill_122,49
job_20,skill_15,70
job_20,skill_4,73
job_20,skill_99,47
job_20,skill_103,36
job_20,skill_76,36
job_20,skill_102,34
job_20,skill_63,70
job_20,skill_45,50
job_20,skill_134,47
job_20,skill_90,77
job_20,skill_80,44
job_20,skill_11,58
job_21,skill_23,61
job_21,skill_36,53
job_21,skill_95,38
job_21,skill_55,30
job_21,skill_117,69
job_21,skill_2,38
job_21,skill_66,53
job_21,skill_30,35
job_21,skill_62,73
job_21,skill_3,31
job_21,skill_21,38
job_21,skill_31,66
job_22,skill_4,45
job_22,skill_46,42
job_22,skill_60,38
job_22,skill_34,68
job_22,skill_126,70
job_22,skill_100,77
job_23,skill_128,56
job_23,skill_86,56
job_23,skill_21,56
job_23,skill_112,43
job_23,skill_50,57
job_23,skill_16,48
job_23,skill_84,73
job_23,skill_132,36
job_23,skill_70,46
job_24,skill_115,52
job_24,skill_63,40
job_24,skill_50,54
job_24,skill_144,63
job_24,skill_104,60
job_24,skill_12,54
job_24,skill_54,76
job_24,skill_41,45
job_24,skill_149,78
job_24,skill_66,39
job_24,skill_3,77
job_24,skill_48,54
job_24,skill_68,57
job_24,skill_30,44
job_25,skill_42,57
job_25,skill_74,80
job_25,skill_106,55
job_25,skill_122,45
job_25,skill_23,35
job_25,skill_128,63
job_25,skill_30,76
job_25,skill_84,53
job_25,skill_71,62
job_25,skill_45,70
job_25,skill_91,44
job_25,skill_57,65
job_25,skill_129,53
job_25,skill_11,63
job_26,skill_30,79
job_26,skill_36,55
job_26,skill_99,69
job_26,skill_64,58
job_26,skill_46,80
job_26,skill_5,33
job_26,skill_118,38
job_26,skill_27,51
job_26,skill_69,32
job_26,skill_38,75
job_26,skill_95,38
job_26,skill_11,43
job_27,skill_98,74
job_27,skill_118,42
job_27,skill_128,35
job_27,skill_45,55
job_27,skill_37,34
job_27,skill_137,77
job_27,skill_7,30
job_27,skill_58,67
job_27,skill_48,70
job_27,skill_4,67
job_27,skill_149,79
job_28,skill_4,40
job_28,skill_100,57
job_28,skill_23,36
job_28,skill_86,71
job_28,skill_50,33
job_28,skill_127,31
job_28,skill_56,34
job_28,skill_42,38
job_28,skill_5,30
job_28,skill_77,57
job_28,skill_25,77
job_29,skill_25,74
job_29,skill_112,64
job_29,skill_48,60
job_29,skill_31,67
job_29,skill_4,55
job_29,skill_139,60
job_29,skill_35,47
job_29,skill_10,62
job_29,skill_82,38
job_29,skill_3,40
job_29,skill_92,45
job_29,skill_86,57
job_29,skill_110,73
job_30,skill_118,36
job_30,skill_34,42
job_30,skill_38,65
job_30,skill_84,79
job_30,skill_63,31
job_30,skill_99,59
job_31,skill_111,39
job_31,skill_125,48
job_31,skill_18,78
job_31,skill_140,46
job_31,skill_0,50
job_31,skill_146,60
job_31,skill_92,65
job_31,skill_106,30
job_31,skill_96,65
job_31,skill_78,52
job_31,skill_93,55
job_31,skill_15,49
job_31,skill_31,77
job_31,skill_8,50
job_32,skill_1,52
job_32,skill_20,63
job_32,skill_148,50
job_32,skill_107,76
job_32,skill_17,79
job_32,skill_89,76
job_32,skill_103,71
job_33,skill_40,41
job_33,skill_111,43
job_33,skill_74,38
job_33,skill_97,36
job_33,skill_30,66
job_33,skill_62,35
job_34,skill_128,53
job_34,skill_115,67
job_34,skill_43,62
job_34,skill_102,61
job_34,skill_58,75
job_34,skill_30,36
job_34,skill_144,35
job_34,skill_110,79
job_35,skill_148,33
job_35,skill_107,52
job_35,skill_13,36
job_35,skill_43,38
job_35,skill_139,44
job_35,skill_111,73
job_35,skill_8,37
job_35,skill_86,53
job_35,skill_92,31
job_35,skill_126,66
job_35,skill_112,75
job_35,skill_22,36
job_36,skill_74,45
job_36,skill_4,32
job_36,skill_70,74
job_36,skill_78,67
job_36,skill_45,71
job_36,skill_125,36
job_36,skill_58,79
job_36,skill_134,61
job_36,skill_44,80
job_36,skill_130,75
job_37,skill_63,72
job_37,skill_32,61
job_37,skill_44,39
job_37,skill_47,34
job_37,skill_49,53
job_37,skill_23,52
job_37,skill_120,36
job_37,skill_76,65
job_37,skill_59,40
job_37,skill_102,49
job_37,skill_82,65
job_38,skill_29,56
job_38,skill_60,70
job_38,skill_93,62
job_38,skill_67,48
job_38,skill_58,56
job_38,skill_16,58
job_38,skill_76,64
job_38,skill_37,66
job_38,skill_128,77
job_39,skill_77,37
job_39,skill_125,41
job_39,skill_79,34
job_39,skill_45,43
job_39,skill_99,54
job_39,skill_86,37
job_39,skill_65,69
job_39,skill_47,65
job_39,skill_18,50
job_39,skill_71,58
job_40,skill_67,38
job_40,skill_21,56
job_40,skill_53,48
job_40,skill_135,65
job_40,skill_81,32
job_40,skill_124,64
job_40,skill_142,33
job_40,skill_75,58
job_40,skill_8,55
job_40,skill_9,78
job_40,skill_87,44
job_40,skill_37,66
job_40,skill_127,76
job_41,skill_146,38
job_41,skill_28,53
job_41,skill_104,40
job_41,skill_42,75
job_41,skill_69,79
job_41,skill_14,33
job_41,skill_115,68
job_41,skill_75,57
job_41,skill_126,41
job_41,skill_12,40
job_41,skill_29,60
job_41,skill_24,44
job_41,skill_50,40
job_41,skill_18,56
job_42,skill_13,37
job_42,skill_108,66
job_42,skill_107,79
job_42,skill_17,46
job_42,skill_106,79
job_42,skill_50,39
job_42,skill_99,31
job_42,skill_126,69
job_42,skill_15,30
job_42,skill_137,33
job_42,skill_94,77
job_42,skill_32,73
job_42,skill_29,80
job_42,skill_27,77
job_42,skill_136,54
job_43,skill_4,41
job_43,skill_93,52
job_43,skill_40,64
job_43,skill_6,62
job_43,skill_136,50
job_43,skill_64,67
job_43,skill_100,61
job_43,skill_29,39
job_43,skill_14,52
job_44,skill_92,38
job_44,skill_67,50
job_44,skill_111,69
job_44,skill_20,48
job_44,skill_95,43
job_44,skill_105,47
job_44,skill_41,51
job_44,skill_47,66
job_44,skill_136,57
job_44,skill_137,31
job_44,skill_100,77
job_45,skill_93,71
job_45,skill_42,79
job_45,skill_121,43
job_45,skill_130,59
job_45,skill_97,51
job_45,skill_106,66
job_45,skill_60,72
job_45,skill_117,77
job_45,skill_70,58
job_45,skill_56,41
job_45,skill_18,59
job_45,skill_86,49
job_45,skill_12,58
job_46,skill_127,58
job_46,skill_144,43
job_46,skill_13,40
job_46,skill_65,69
job_46,skill_21,77
job_46,skill_97,69
job_46,skill_66,54
job_46,skill_60,32
job_46,skill_69,75
job_46,skill_81,33
job_46,skill_2,43
job_46,skill_125,30
job_47,skill_134,42
job_47,skill_115,44
job_47,skill_101,55
job_47,skill_123,70
job_47,skill_64,44
job_47,skill_21,30
job_47,skill_144,70
job_47,skill_26,43
job_47,skill_8,76
job_47,skill_69,38
job_47,skill_10,51
job_47,skill_83,60
job_47,skill_6,45
job_48,skill_14,62
job_48,skill_11,54
job_48,skill_18,62
job_48,skill_5,78
job_48,skill_40,76
job_48,skill_111,75
job_48,skill_43,77
job_48,skill_136,35
job_48,skill_86,72
job_48,skill_61,58
job_48,skill_83,58
job_48,skill_3,43
job_48,skill_124,78
job_48,skill_35,46
job_49,skill_83,75
job_49,skill_142,65
job_49,skill_3,48
job_49,skill_61,62
job_49,skill_146,53
job_49,skill_99,69
job_50,skill_92,63
job_50,skill_74,79
job_50,skill_30,33
job_50,skill_75,62
job_50,skill_120,32
job_50,skill_97,32
job_50,skill_67,30
job_50,skill_77,37
job_50,skill_72,50
job_50,skill_62,45
job_50,skill_100,41
job_50,skill_135,47
job_50,skill_71,63
job_51,skill_115,56
job_51,skill_41,72
job_51,skill_91,53
job_51,skill_140,79
job_51,skill_33,74
job_52,skill_25,63
job_52,skill_68,79
job_52,skill_48,47
job_52,skill_77,49
job_52,skill_72,56
job_52,skill_123,66
job_52,skill_5,77
job_53,skill_125,67
job_53,skill_93,32
job_53,skill_124,66
job_53,skill_110,65
job_53,skill_134,76
job_53,skill_41,55
job_53,skill_75,64
job_53,skill_69,69
job_53,skill_89,75
job_53,skill_88,45
job_53,skill_118,49
job_53,skill_109,72
job_53,skill_18,38
job_53,skill_147,76
job_53,skill_99,35
job_54,skill_2,74
job_54,skill_16,49
job_54,skill_115,65
job_54,skill_0,53
job_54,skill_98,78
job_54,skill_34,59
job_54,skill_140,46
job_54,skill_92,32
job_54,skill_77,53
job_54,skill_67,40
job_54,skill_124,41
job_54,skill_106,72
job_54,skill_87,40
job_55,skill_21,42
job_55,skill_61,44
job_55,skill_6,50
job_55,skill_75,76
job_55,skill_47,59
job_55,skill_67,61
job_55,skill_39,31
job_55,skill_65,42
job_55,skill_94,68
job_56,skill_8,32
job_56,skill_117,57
job_56,skill_105,40
job_56,skill_141,78
job_56,skill_1,41
job_57,skill_17,65
job_57,skill_126,36
job_57,skill_49,73
job_57,skill_83,54
job_57,skill_52,39
job_57,skill_100,62
job_57,skill_16,63
job_57,skill_79,67
job_57,skill_47,64
job_57,skill_19,42
job_58,skill_108,55
job_58,skill_111,53
job_58,skill_83,68
job_58,skill_17,52
job_58,skill_90,44
job_58,skill_99,65
job_58,skill_37,63
job_59,skill_123,76
job_59,skill_90,72
job_59,skill_148,55
job_59,skill_19,53
job_59,skill_26,38
job_59,skill_76,60
job_59,skill_6,42
job_59,skill_16,44
job_59,skill_72,51
job_59,skill_5,40
job_59,skill_125,68
job_60,skill_12,46
job_60,skill_0,70
job_60,skill_9,79
job_60,skill_29,63
job_60,skill_19,44
job_60,skill_116,59
job_60,skill_133,45
job_60,skill_36,53
job_60,skill_114,75
job_60,skill_47,61
job_61,skill_5,38
job_61,skill_105,40
job_61,skill_86,41
job_61,skill_24,51
job_61,skill_1,66
job_61,skill_22,58
job_61,skill_27,78
job_61,skill_137,32
job_61,skill_23,54
job_62,skill_129,71
job_62,skill_83,49
job_62,skill_42,59
job_62,skill_16,35
job_62,skill_100,53
job_62,skill_138,31
job_62,skill_109,62
job_63,skill_95,33
job_63,skill_67,75
job_63,skill_110,39
job_63,skill_20,33
job_63,skill_60,80
job_63,skill_108,77
job_63,skill_121,37
job_63,skill_74,69
job_64,skill_132,69
job_64,skill_122,58
job_64,skill_86,42
job_64,skill_75,61
job_64,skill_51,45
job_64,skill_149,63
job_64,skill_106,70
job_64,skill_60,73
job_65,skill_114,78
job_65,skill_118,30
job_65,skill_103,38
job_65,skill_90,63
job_65,skill_31,68
job_65,skill_64,74
job_65,skill_9,75
job_65,skill_47,55
job_66,skill_65,60
job_66,skill_75,71
job_66,skill_32,62
job_66,skill_77,53
job_66,skill_23,54
job_66,skill_138,41
job_66,skill_31,54
job_66,skill_116,31
job_66,skill_144,68
job_67,skill_56,80
job_67,skill_16,77
job_67,skill_113,35
job_67,skill_97,50
job_67,skill_109,33
job_67,skill_7,70
job_67,skill_116,72
job_67,skill_110,49
job_67,skill_82,71
job_67,skill_0,56
job_68,skill_93,54
job_68,skill_75,72
job_68,skill_114,79
job_68,skill_136,67
job_68,skill_56,55
job_68,skill_98,70
job_68,skill_48,76
job_68,skill_116,33
job_68,skill_90,77
job_68,skill_45,69
job_68,skill_61,75
job_69,skill_63,79
job_69,skill_39,47
job_69,skill_123,65
job_69,skill_62,68
job_69,skill_19,63
job_69,skill_78,72
job_69,skill_20,42
job_69,skill_34,71
job_70,skill_63,66
job_70,skill_90,43
job_70,skill_125,75
job_70,skill_130,79
job_70,skill_62,77
job_70,skill_14,35
job_70,skill_49,76
job_70,skill_139,73
job_70,skill_96,63
job_70,skill_87,53
job_70,skill_53,41
job_71,skill_114,32
job_71,skill_135,50
job_71,skill_82,79
job_71,skill_30,73
job_71,skill_97,56
job_71,skill_123,32
job_71,skill_20,74
job_71,skill_48,56
job_71,skill_78,63
job_71,skill_94,61
job_71,skill_145,63
job_71,skill_68,69
job_71,skill_95,43
job_72,skill_42,77
job_72,skill_39,46
job_72,skill_31,42
job_72,skill_52,54
job_72,skill_107,79
job_73,skill_93,31
job_73,skill_147,53
job_73,skill_68,57
job_73,skill_31,43
job_73,skill_94,75
job_73,skill_92,74
job_74,skill_97,63
job_74,skill_21,36
job_74,skill_120,63
job_74,skill_86,67
job_74,skill_113,45
job_74,skill_14,55
job_75,skill_45,73
job_75,skill_66,77
job_75,skill_141,41
job_75,skill_98,69
job_75,skill_64,40
job_75,skill_44,72
job_75,skill_41,30
job_75,skill_50,51
job_75,skill_14,52
job_75,skill_28,80
job_75,skill_55,60
job_75,skill_117,80
job_75,skill_60,69
job_75,skill_104,69
job_76,skill_58,37
job_76,skill_68,60
job_76,skill_70,49
job_76,skill_34,57
job_76,skill_35,49
job_76,skill_105,58
job_76,skill_107,50
job_77,skill_139,63
job_77,skill_18,73
job_77,skill_61,62
job_77,skill_130,42
job_77,skill_114,61
job_77,skill_110,34
job_77,skill_143,44
job_77,skill_41,65
job_77,skill_3,66
job_77,skill_65,77
job_77,skill_135,49
job_77,skill_132,65
job_77,skill_63,65
job_77,skill_35,53
job_78,skill_67,57
job_78,skill_119,31
job_78,skill_8,42
job_78,skill_117,56
job_78,skill_131,52
job_78,skill_146,47
job_78,skill_136,48
job_78,skill_53,37
job_78,skill_110,43
job_78,skill_50,52
job_78,skill_75,33
job_78,skill_105,63
job_78,skill_143,56
job_78,skill_25,78
job_78,skill_128,64
job_79,skill_31,41
job_79,skill_44,60
job_79,skill_149,73
job_79,skill_92,65
job_79,skill_18,63
job_79,skill_110,57
job_79,skill_25,38
job_79,skill_132,34
job_79,skill_145,60
job_79,skill_37,31
job_80,skill_131,74
job_80,skill_24,35
job_80,skill_130,70
job_80,skill_104,53
job_80,skill_128,50
job_80,skill_12,55
job_80,skill_108,44
job_80,skill_65,37
job_80,skill_54,61
job_80,skill_51,61
job_80,skill_109,78
job_80,skill_71,78
job_80,skill_56,57
job_80,skill_11,46
job_80,skill_53,65
job_81,skill_118,63
job_81,skill_114,58
job_81,skill_19,74
job_81,skill_13,68
job_81,skill_25,77
job_81,skill_110,56
job_82,skill_36,67
job_82,skill_30,55
job_82,skill_105,48
job_82,skill_101,67
job_82,skill_116,54
job_82,skill_147,68
job_82,skill_60,44
job_82,skill_29,32
job_82,skill_63,49
job_82,skill_7,51
job_82,skill_149,57
job_82,skill_15,66
job_83,skill_105,33
job_83,skill_70,30
job_83,skill_1,58
job_83,skill_32,55
job_83,skill_20,31
job_83,skill_4,65
job_83,skill_124,58
job_83,skill_100,45
job_84,skill_109,53
job_84,skill_84,43
job_84,skill_142,36
job_84,skill_127,60
job_84,skill_80,52
job_84,skill_78,58
job_84,skill_18,42
job_84,skill_87,80
job_84,skill_19,36
job_85,skill_54,34
job_85,skill_42,67
job_85,skill_99,75
job_85,skill_41,62
job_85,skill_124,51
job_86,skill_84,57
job_86,skill_142,68
job_86,skill_147,76
job_86,skill_144,69
job_86,skill_72,60
job_86,skill_30,37
job_86,skill_77,40
job_86,skill_46,62
job_87,skill_130,59
job_87,skill_10,32
job_87,skill_9,35
job_87,skill_22,56
job_87,skill_142,57
job_87,skill_79,44
job_87,skill_95,54
job_87,skill_147,59
job_87,skill_113,61
job_87,skill_86,42
job_87,skill_75,54
job_87,skill_39,57
job_87,skill_11,43
job_87,skill_70,60
job_88,skill_101,56
job_88,skill_75,60
job_88,skill_86,32
job_88,skill_133,52
job_88,skill_53,71
job_89,skill_53,76
job_89,skill_94,31
job_89,skill_35,31
job_89,skill_134,76
job_89,skill_37,30
job_89,skill_118,34
job_89,skill_19,44
job_89,skill_65,58
job_89,skill_108,75
job_90,skill_22,61
job_90,skill_23,73
job_90,skill_90,74
job_90,skill_5,35
job_90,skill_123,39
job_90,skill_31,33
job_90,skill_41,59
job_90,skill_126,77
job_90,skill_3,45
job_90,skill_149,53
job_90,skill_137,72
job_90,skill_143,51
job_90,skill_72,62
job_90,skill_115,76
job_91,skill_1,46
job_91,skill_111,36
job_91,skill_35,30
job_91,skill_115,71
job_91,skill_77,61
job_91,skill_110,59
job_91,skill_64,55
job_91,skill_147,57
job_91,skill_113,53
job_91,skill_65,80
job_92,skill_62,46
job_92,skill_93,67
job_92,skill_82,48
job_92,skill_24,48
job_92,skill_7,73
job_92,skill_134,42
job_92,skill_120,30
job_92,skill_145,40
job_92,skill_95,66
job_92,skill_15,61
job_92,skill_53,72
job_92,skill_92,50
job_92,skill_36,50
job_92,skill_74,78
job_92,skill_129,44
job_93,skill_67,66
job_93,skill_99,45
job_93,skill_77,35
job_93,skill_144,32
job_93,skill_74,49
job_93,skill_93,80
job_93,skill_118,60
job_93,skill_47,75
job_93,skill_117,52
job_93,skill_115,68
job_93,skill_100,65
job_93,skill_6,57
job_93,skill_49,70
job_93,skill_119,44
job_94,skill_138,69
job_94,skill_135,58
job_94,skill_40,44
job_94,skill_45,53
job_94,skill_91,61
job_94,skill_57,54
job_94,skill_86,40
job_94,skill_17,80
job_94,skill_28,61
job_94,skill_109,47
job_94,skill_87,73
job_95,skill_70,53
job_95,skill_76,49
job_95,skill_32,53
job_95,skill_24,66
job_95,skill_147,55
job_95,skill_52,30
job_95,skill_67,34
job_95,skill_110,41
job_95,skill_142,64
job_96,skill_115,49
job_96,skill_44,71
job_96,skill_38,44
job_96,skill_131,75
job_96,skill_80,72
job_96,skill_92,54
job_96,skill_54,77
job_96,skill_66,61
job_96,skill_96,48
job_96,skill_23,78
job_96,skill_82,41
job_96,skill_116,73
job_96,skill_129,52
job_96,skill_128,36
job_96,skill_89,41
job_97,skill_95,67
job_97,skill_19,62
job_97,skill_71,38
job_97,skill_72,79
job_97,skill_108,70
job_97,skill_39,48
job_97,skill_120,66
job_97,skill_7,32
job_97,skill_27,47
job_97,skill_92,48
job_97,skill_135,63
job_97,skill_119,30
job_97,skill_44,68
job_97,skill_103,74
job_97,skill_143,71
job_98,skill_57,42
job_98,skill_94,68
job_98,skill_104,78
job_98,skill_70,73
job_98,skill_29,56
job_99,skill_12,69
job_99,skill_128,42
job_99,skill_85,42
job_99,skill_144,46
job_99,skill_77,67
job_99,skill_0,73
job_99,skill_143,37
job_100,skill_102,50
job_100,skill_104,64
job_100,skill_121,73
job_100,skill_36,70
job_100,skill_100,34
job_100,skill_67,79
job_100,skill_34,69
job_100,skill_70,51
job_100,skill_142,69
job_100,skill_1,38
job_101,skill_67,70
job_101,skill_66,77
job_101,skill_135,78
job_101,skill_35,76
job_101,skill_136,43
job_101,skill_129,56
job_102,skill_12,43
job_102,skill_104,62
job_102,skill_131,59
job_102,skill_132,69
job_102,skill_141,33
job_102,skill_92,77
job_102,skill_2,75
job_102,skill_62,34
job_103,skill_77,61
job_103,skill_55,75
job_103,skill_26,58
job_103,skill_47,47
job_103,skill_65,80
job_103,skill_134,70
job_103,skill_33,69
job_103,skill_29,38
job_103,skill_83,79
job_103,skill_5,72
job_103,skill_40,58
job_103,skill_78,80
job_103,skill_76,43
job_103,skill_11,45
job_104,skill_55,35
job_104,skill_29,80
job_104,skill_45,73
job_104,skill_90,34
job_104,skill_68,64
job_104,skill_1,57
job_104,skill_37,31
job_105,skill_115,43
job_105,skill_82,49
job_105,skill_24,41
job_105,skill_122,42
job_105,skill_113,38
job_105,skill_97,79
job_105,skill_136,37
job_105,skill_61,69
job_105,skill_47,50
job_105,skill_39,70
job_105,skill_104,75
job_106,skill_12,34
job_106,skill_33,33
job_106,skill_84,80
job_106,skill_109,34
job_106,skill_129,73
job_106,skill_88,63
job_106,skill_97,55
job_106,skill_92,36
job_106,skill_95,72
job_107,skill_137,39
job_107,skill_74,35
job_107,skill_35,55
job_107,skill_49,36
job_107,skill_8,48
job_107,skill_38,80
job_107,skill_147,34
job_107,skill_116,60
job_108,skill_45,67
job_108,skill_49,48
job_108,skill_130,62
job_108,skill_109,80
job_108,skill_27,45
job_108,skill_62,62
job_108,skill_19,62
job_108,skill_88,43
job_109,skill_32,44
job_109,skill_2,41
job_109,skill_5,54
job_109,skill_54,57
job_109,skill_116,32
job_109,skill_133,30
job_109,skill_38,51
job_109,skill_71,64
job_109,skill_68,79
job_110,skill_101,46
job_110,skill_54,56
job_110,skill_145,80
job_110,skill_94,62
job_110,skill_96,56
job_110,skill_122,40
job_110,skill_65,66
job_110,skill_140,73
job_110,skill_29,31
job_110,skill_141,30
job_110,skill_27,72
job_110,skill_79,60
job_111,skill_65,37
job_111,skill_142,48
job_111,skill_49,70
job_111,skill_145,34
job_111,skill_95,33
job_111,skill_5,76
job_111,skill_3,71
job_111,skill_10,67
job_112,skill_38,33
job_112,skill_143,49
job_112,skill_54,79
job_112,skill_9,31
job_112,skill_49,49
job_113,skill_149,30
job_113,skill_33,70
job_113,skill_22,36
job_113,skill_32,65
job_113,skill_47,43
job_113,skill_6,53
job_113,skill_103,53
job_114,skill_64,44
job_114,skill_47,71
job_114,skill_32,44
job_114,skill_31,80
job_114,skill_144,47
job_115,skill_145,42
job_115,skill_31,66
job_115,skill_91,53
job_115,skill_0,31
job_115,skill_20,61
job_115,skill_18,57
job_115,skill_62,73
job_115,skill_19,72
job_115,skill_144,33
job_115,skill_61,47
job_115,skill_12,69
job_115,skill_73,51
job_115,skill_130,56
job_115,skill_45,60
job_116,skill_29,79
job_116,skill_132,51
job_116,skill_23,42
job_116,skill_88,78
job_116,skill_120,49
job_116,skill_20,74
job_116,skill_81,53
job_116,skill_101,52
job_116,skill_129,36
job_116,skill_64,47
job_116,skill_63,77
job_116,skill_28,54
job_116,skill_35,78
job_117,skill_104,41
job_117,skill_31,31
job_117,skill_25,70
job_117,skill_55,47
job_117,skill_134,49
job_117,skill_30,44
job_117,skill_71,35
job_117,skill_97,62
job_117,skill_127,60
job_117,skill_7,63
job_117,skill_16,36
job_118,skill_132,63
job_118,skill_74,60
job_118,skill_44,52
job_118,skill_28,72
job_118,skill_106,64
job_118,skill_24,32
job_118,skill_57,49
job_118,skill_72,75
job_118,skill_68,31
job_118,skill_144,33
job_119,skill_133,39
job_119,skill_79,66
job_119,skill_26,57
job_119,skill_19,57
job_119,skill_45,33
job_120,skill_127,55
job_120,skill_76,77
job_120,skill_47,55
job_120,skill_44,31
job_120,skill_10,63
job_120,skill_16,62
job_121,skill_149,50
job_121,skill_38,72
job_121,skill_91,77
job_121,skill_34,76
job_121,skill_32,34
job_121,skill_23,33
job_121,skill_22,46
job_121,skill_27,77
job_121,skill_115,37
job_121,skill_40,63
job_121,skill_56,79
job_121,skill_2,31
job_121,skill_141,71
job_121,skill_72,58
job_122,skill_8,56
job_122,skill_33,46
job_122,skill_70,79
job_122,skill_58,68
job_122,skill_53,67
job_122,skill_113,76
job_122,skill_129,72
job_122,skill_115,56
job_122,skill_105,80
job_122,skill_72,49
job_122,skill_121,57
job_122,skill_68,57
job_122,skill_81,79
job_122,skill_108,62
job_123,skill_73,47
job_123,skill_32,66
job_123,skill_94,50
job_123,skill_93,46
job_123,skill_80,69
job_123,skill_75,53
job_123,skill_116,69
job_123,skill_59,79
job_123,skill_53,52
job_123,skill_120,40
job_123,skill_110,32
job_123,skill_145,34
job_124,skill_71,47
job_124,skill_3,39
job_124,skill_2,49
job_124,skill_63,44
job_124,skill_73,44
job_124,skill_136,52
job_124,skill_5,59
job_124,skill_6,54
job_124,skill_101,54
job_124,skill_143,60
job_124,skill_45,31
job_124,skill_13,43
job_124,skill_75,49
job_125,skill_45,34
job_125,skill_94,42
job_125,skill_68,72
job_125,skill_77,46
job_125,skill_44,43
job_125,skill_75,63
job_125,skill_92,41
job_125,skill_59,45
job_125,skill_83,47
job_125,skill_12,77
job_125,skill_111,58
job_125,skill_139,42
job_125,skill_79,40
job_125,skill_57,74
job_126,skill_86,52
job_126,skill_143,54
job_126,skill_36,78
job_126,skill_142,61
job_126,skill_63,74
job_126,skill_107,32
job_126,skill_118,37
job_126,skill_57,71
job_126,skill_60,36
job_126,skill_40,49
job_126,skill_90,39
job_127,skill_132,44
job_127,skill_136,79
job_127,skill_106,47
job_127,skill_123,37
job_127,skill_87,52
job_128,skill_91,56
job_128,skill_99,58
job_128,skill_107,31
job_128,skill_36,49
job_128,skill_0,37
job_128,skill_85,69
job_128,skill_35,78
job_129,skill_52,57
job_129,skill_35,40
job_129,skill_59,38
job_129,skill_19,50
job_129,skill_51,69
job_129,skill_58,79
job_129,skill_66,51
job_129,skill_140,40
job_129,skill_108,66
job_129,skill_34,73
job_129,skill_129,48
job_129,skill_141,41
job_129,skill_20,30
job_130,skill_138,35
job_130,skill_48,32
job_130,skill_77,71
job_130,skill_39,41
job_130,skill_88,52
job_131,skill_71,70
job_131,skill_118,74
job_131,skill_98,49
job_131,skill_79,56
job_131,skill_30,66
job_131,skill_3,76
job_131,skill_125,53
job_131,skill_13,60
job_131,skill_57,48
job_131,skill_82,64
job_131,skill_95,39
job_131,skill_145,74
job_131,skill_144,30
job_131,skill_97,45
job_131,skill_6,39
job_132,skill_142,79
job_132,skill_127,48
job_132,skill_148,65
job_132,skill_146,40
job_132,skill_114,80
job_132,skill_80,40
job_132,skill_52,36
job_132,skill_137,49
job_132,skill_79,75
job_132,skill_117,41
job_132,skill_72,76
job_132,skill_145,79
job_132,skill_23,55
job_133,skill_12,32
job_133,skill_139,49
job_133,skill_53,59
job_133,skill_1,65
job_133,skill_72,39
job_133,skill_146,54
job_133,skill_84,36
job_133,skill_66,67
job_133,skill_16,66
job_133,skill_32,74
job_133,skill_14,52
job_133,skill_69,79
job_133,skill_125,80
job_133,skill_11,47
job_133,skill_143,77
job_134,skill_93,40
job_134,skill_132,60
job_134,skill_133,44
job_134,skill_125,80
job_134,skill_13,50
job_134,skill_104,47
job_134,skill_30,45
job_135,skill_137,79
job_135,skill_141,41
job_135,skill_144,38
job_135,skill_119,51
job_135,skill_110,74
job_135,skill_90,50
job_135,skill_79,80
job_136,skill_121,32
job_136,skill_56,58
job_136,skill_80,76
job_136,skill_86,54
job_136,skill_84,51
job_136,skill_134,52
job_136,skill_69,73
job_136,skill_149,63
job_136,skill_23,54
job_136,skill_79,55
job_136,skill_72,47
job_137,skill_21,80
job_137,skill_8,72
job_137,skill_4,51
job_137,skill_66,38
job_137,skill_35,54
job_137,skill_87,61
job_137,skill_83,44
job_138,skill_112,78
job_138,skill_34,72
job_138,skill_86,46
job_138,skill_76,31
job_138,skill_17,39
job_138,skill_123,53
job_138,skill_88,45
job_138,skill_147,74
job_138,skill_125,78
job_138,skill_66,70
job_139,skill_84,40
job_139,skill_48,44
job_139,skill_90,62
job_139,skill_17,77
job_139,skill_55,58
job_140,skill_130,61
job_140,skill_77,72
job_140,skill_131,35
job_140,skill_12,42
job_140,skill_94,37
job_140,skill_119,79
job_140,skill_108,44
job_140,skill_3,39
job_140,skill_75,52
job_140,skill_65,60
job_140,skill_50,58
job_140,skill_123,58
job_141,skill_78,60
job_141,skill_45,76
job_141,skill_117,60
job_141,skill_44,45
job_141,skill_130,79
job_141,skill_107,43
job_142,skill_31,31
job_142,skill_127,77
job_142,skill_66,75
job_142,skill_30,76
job_142,skill_117,40
job_142,skill_133,35
job_142,skill_42,38
job_142,skill_136,71
job_142,skill_146,79
job_143,skill_115,30
job_143,skill_101,42
job_143,skill_130,58
job_143,skill_62,79
job_143,skill_117,33
job_143,skill_80,59
job_143,skill_123,66
job_143,skill_136,42
job_143,skill_79,59
job_143,skill_103,64
job_143,skill_21,36
job_143,skill_86,71
job_143,skill_59,34
job_144,skill_77,50
job_144,skill_105,62
job_144,skill_85,38
job_144,skill_31,65
job_144,skill_18,49
job_144,skill_117,46
job_144,skill_33,61
job_144,skill_54,59
job_145,skill_78,34
job_145,skill_137,76
job_145,skill_51,48
job_145,skill_6,78
job_145,skill_101,79
job_145,skill_75,64
job_145,skill_102,40
job_145,skill_14,35
job_145,skill_147,37
job_145,skill_90,78
job_145,skill_18,39
job_145,skill_58,69
job_145,skill_46,32
job_145,skill_34,53
job_146,skill_27,48
job_146,skill_25,76
job_146,skill_11,61
job_146,skill_84,35
job_146,skill_61,57
job_146,skill_104,66
job_146,skill_21,58
job_146,skill_56,38
job_146,skill_14,80
job_147,skill_93,57
job_147,skill_149,41
job_147,skill_109,60
job_147,skill_45,37
job_147,skill_136,52
job_147,skill_103,32
job_147,skill_22,59
job_147,skill_102,58
job_147,skill_0,37
job_147,skill_35,49
job_147,skill_47,48
job_147,skill_53,54
job_148,skill_46,73
job_148,skill_97,43
job_148,skill_68,53
job_148,skill_6,37
job_148,skill_47,47
job_149,skill_79,72
job_149,skill_91,30
job_149,skill_97,56
job_149,skill_19,68
job_149,skill_65,78
job_149,skill_142,44
job_149,skill_16,56
job_149,skill_50,47
job_150,skill_105,66
job_150,skill_40,68
job_150,skill_81,32
job_150,skill_84,51
job_150,skill_90,57
job_150,skill_33,67
job_150,skill_130,67
job_150,skill_103,66
job_150,skill_62,37
job_150,skill_93,51
job_150,skill_36,39
job_150,skill_148,33
job_150,skill_53,58
job_151,skill_131,74
job_151,skill_98,63
job_151,skill_4,80
job_151,skill_100,43
job_151,skill_93,35
job_151,skill_7,36
job_151,skill_3,66
job_152,skill_144,62
job_152,skill_126,42
job_152,skill_138,80
job_152,skill_5,38
job_152,skill_1,37
job_152,skill_91,60
job_153,skill_129,78
job_153,skill_92,73
job_153,skill_7,37
job_153,skill_57,54
job_153,skill_60,79
job_153,skill_108,53
job_153,skill_3,63
job_153,skill_1,53
job_153,skill_64,76
job_153,skill_139,45
job_153,skill_113,52
job_153,skill_109,58
job_154,skill_81,62
job_154,skill_149,62
job_154,skill_24,69
job_154,skill_43,74
job_154,skill_40,65
job_154,skill_78,57
job_154,skill_34,68
job_155,skill_33,66
job_155,skill_30,79
job_155,skill_38,30
job_155,skill_23,74
job_155,skill_86,36
job_155,skill_141,80
job_155,skill_10,37
job_155,skill_71,51
job_155,skill_139,76
job_155,skill_90,62
job_155,skill_100,45
job_155,skill_121,32
job_156,skill_92,61
job_156,skill_85,44
job_156,skill_63,52
job_156,skill_0,70
job_156,skill_127,66
job_156,skill_10,77
job_158,skill_57,45
job_158,skill_9,39
job_158,skill_21,41
job_158,skill_102,63
job_158,skill_12,76
job_158,skill_63,39
job_158,skill_25,71
job_158,skill_77,68
job_158,skill_93,41
job_158,skill_67,47
job_159,skill_112,54
job_159,skill_13,39
job_159,skill_129,55
job_159,skill_42,80
job_159,skill_0,61
job_159,skill_12,51
job_159,skill_15,51
job_159,skill_106,45
job_159,skill_31,62
job_160,skill_90,79
job_160,skill_8,73
job_160,skill_111,75
job_160,skill_127,58
job_160,skill_70,53
job_160,skill_66,69
job_160,skill_32,42
job_160,skill_107,72
job_160,skill_133,31
job_160,skill_79,66
job_160,skill_34,79
job_161,skill_3,59
job_161,skill_26,74
job_161,skill_60,55
job_161,skill_86,65
job_161,skill_74,76
job_161,skill_22,59
job_161,skill_76,37
job_161,skill_63,59
job_161,skill_16,46
job_161,skill_129,60
job_162,skill_90,70
job_162,skill_68,48
job_162,skill_1,67
job_162,skill_42,37
job_162,skill_50,46
job_162,skill_62,67
job_162,skill_31,79
job_162,skill_41,50
job_162,skill_86,43
job_162,skill_118,30
job_163,skill_109,77
job_163,skill_12,43
job_163,skill_146,55
job_163,skill_120,61
job_163,skill_51,65
job_163,skill_112,70
job_163,skill_85,55
job_163,skill_28,38
job_163,skill_42,50
job_164,skill_99,79
job_164,skill_81,50
job_164,skill_124,56
job_164,skill_15,35
job_164,skill_118,69
job_164,skill_114,68
job_164,skill_46,56
job_164,skill_105,31
job_164,skill_13,56
job_164,skill_79,76
job_164,skill_52,39
job_164,skill_77,59
job_164,skill_129,36
job_165,skill_86,77
job_165,skill_48,31
job_165,skill_43,57
job_165,skill_77,30
job_165,skill_17,79
job_165,skill_16,60
job_166,skill_112,75
job_166,skill_109,36
job_166,skill_70,68
job_166,skill_45,51
job_166,skill_17,32
job_166,skill_29,49
job_166,skill_103,69
job_166,skill_22,44
job_166,skill_124,80
job_166,skill_134,32
job_166,skill_104,67
job_167,skill_22,61
job_167,skill_17,66
job_167,skill_110,48
job_167,skill_118,65
job_167,skill_149,38
job_168,skill_82,45
job_168,skill_144,76
job_168,skill_133,76
job_168,skill_118,65
job_168,skill_139,58
job_168,skill_106,79
job_169,skill_74,63
job_169,skill_86,71
job_169,skill_73,71
job_169,skill_51,34
job_169,skill_23,44
job_169,skill_16,56
job_169,skill_103,41
job_169,skill_7,64
job_169,skill_93,55
job_169,skill_98,43
job_170,skill_11,39
job_170,skill_28,54
job_170,skill_84,35
job_170,skill_50,56
job_170,skill_76,38
job_170,skill_141,37
job_170,skill_69,49
job_170,skill_127,39
job_170,skill_65,73
job_170,skill_36,80
job_170,skill_34,50
job_170,skill_0,33
job_171,skill_23,68
job_171,skill_32,40
job_171,skill_22,53
job_171,skill_55,30
job_171,skill_0,61
job_171,skill_80,68
job_171,skill_126,72
job_171,skill_145,39
job_171,skill_149,55
job_171,skill_148,47
job_171,skill_77,54
job_172,skill_50,72
job_172,skill_66,57
job_172,skill_137,63
job_172,skill_132,76
job_172,skill_65,32
job_172,skill_60,32
job_172,skill_73,39
job_173,skill_37,58
job_173,skill_23,78
job_173,skill_39,31
job_173,skill_91,58
job_173,skill_107,54
job_173,skill_92,33
job_173,skill_105,35
job_173,skill_62,64
job_173,skill_113,42
job_173,skill_98,68
job_173,skill_103,53
job_174,skill_136,56
job_174,skill_112,38
job_174,skill_114,71
job_174,skill_141,77
job_174,skill_69,74
job_174,skill_103,60
job_174,skill_7,77
job_174,skill_46,75
job_174,skill_50,78
job_174,skill_13,37
job_174,skill_78,72
job_174,skill_74,48
job_174,skill_66,73
job_175,skill_113,65
job_175,skill_20,74
job_175,skill_79,76
job_175,skill_128,37
job_175,skill_29,49
job_175,skill_2,36
job_175,skill_134,37
job_175,skill_34,73
job_175,skill_52,57
job_175,skill_50,48
job_175,skill_25,40
job_175,skill_3,61
job_175,skill_59,72
job_176,skill_75,62
job_176,skill_12,41
job_176,skill_131,63
job_176,skill_134,63
job_176,skill_51,45
job_176,skill_74,37
job_176,skill_123,77
job_176,skill_43,71
job_176,skill_83,57
job_176,skill_85,70
job_176,skill_86,43
job_176,skill_54,69
job_177,skill_89,44
job_177,skill_21,79
job_177,skill_79,62
job_177,skill_129,72
job_177,skill_110,53
job_177,skill_24,51
job_177,skill_59,48
job_178,skill_112,50
job_178,skill_45,62
job_178,skill_18,48
job_178,skill_83,51
job_178,skill_9,47
job_178,skill_127,47
job_178,skill_50,63
job_178,skill_91,64
job_178,skill_125,74
job_179,skill_74,40
job_179,skill_61,32
job_179,skill_131,42
job_179,skill_55,72
job_179,skill_8,66
job_179,skill_0,67
job_179,skill_69,53
job_179,skill_50,69
job_179,skill_46,64
job_179,skill_9,77
job_179,skill_27,33
job_179,skill_100,61
job_180,skill_18,52
job_180,skill_76,58
job_180,skill_33,69
job_180,skill_95,33
job_180,skill_143,79
job_180,skill_141,38
job_180,skill_60,54
job_181,skill_31,55
job_181,skill_101,67
job_181,skill_50,30
job_181,skill_118,43
job_181,skill_137,79
job_181,skill_86,78
job_183,skill_95,39
job_183,skill_121,75
job_183,skill_1,56
job_183,skill_2,30
job_183,skill_45,51
job_183,skill_142,48
job_183,skill_82,35
job_183,skill_106,74
job_183,skill_137,77
job_183,skill_60,51
job_184,skill_2,37
job_184,skill_58,54
job_184,skill_57,56
job_184,skill_147,49
job_184,skill_95,47
job_184,skill_39,60
job_184,skill_106,65
job_184,skill_14,61
job_184,skill_126,51
job_185,skill_38,38
job_185,skill_24,32
job_185,skill_148,33
job_185,skill_127,51
job_185,skill_100,76
job_186,skill_147,72
job_186,skill_51,77
job_186,skill_6,78
job_186,skill_66,71
job_186,skill_118,30
job_186,skill_21,71
job_186,skill_50,66
job_186,skill_8,62
job_186,skill_126,30
job_186,skill_106,70
job_187,skill_82,51
job_187,skill_55,54
job_187,skill_13,45
job_187,skill_37,76
job_187,skill_139,55
job_187,skill_22,54
job_187,skill_67,40
job_187,skill_56,49
job_188,skill_11,50
job_188,skill_13,49
job_188,skill_73,45
job_188,skill_78,55
job_188,skill_140,58
job_188,skill_108,59
job_188,skill_79,65
job_188,skill_1,49
job_188,skill_59,69
job_188,skill_63,32
job_188,skill_132,49
job_188,skill_138,47
job_189,skill_131,36
job_189,skill_75,31
job_189,skill_62,50
job_189,skill_73,42
job_189,skill_1,73
job_189,skill_47,62
job_189,skill_32,39
job_189,skill_143,58
job_189,skill_144,77
job_189,skill_94,69
job_189,skill_137,80
job_189,skill_100,62
job_189,skill_83,48
job_189,skill_127,56
job_189,skill_124,67
job_190,skill_139,75
job_190,skill_89,74
job_190,skill_88,67
job_190,skill_141,78
job_190,skill_64,70
job_190,skill_117,71
job_190,skill_12,53
job_190,skill_78,50
job_190,skill_96,46
job_190,skill_53,30
job_191,skill_114,67
job_191,skill_2,36
job_191,skill_1,47
job_191,skill_78,39
job_191,skill_146,53
job_191,skill_71,42
job_191,skill_9,69
job_191,skill_65,71
job_191,skill_15,64
job_191,skill_61,34
job_191,skill_81,46
job_191,skill_74,33
job_191,skill_111,71
job_191,skill_39,74
job_192,skill_99,58
job_192,skill_131,74
job_192,skill_123,44
job_192,skill_12,55
job_192,skill_144,49
job_192,skill_4,47
job_192,skill_9,54
job_194,skill_51,57
job_194,skill_27,67
job_194,skill_87,74
job_194,skill_120,45
job_194,skill_25,41
job_194,skill_110,36
job_194,skill_20,49
job_194,skill_35,43
job_194,skill_77,57
job_194,skill_73,41
job_194,skill_12,78
job_194,skill_17,42
job_194,skill_50,60
job_195,skill_3,72
job_195,skill_22,76
job_195,skill_115,39
job_195,skill_28,38
job_195,skill_26,58
job_195,skill_126,76
job_195,skill_136,33
job_195,skill_110,47
job_195,skill_77,79
job_195,skill_131,49
job_195,skill_11,65
job_195,skill_8,66
job_195,skill_104,55
job_196,skill_135,51
job_196,skill_144,79
job_196,skill_87,74
job_196,skill_95,69
job_196,skill_148,75
job_196,skill_123,47
job_196,skill_79,79
job_196,skill_38,30
job_196,skill_118,63
job_197,skill_34,73
job_197,skill_6,53
job_197,skill_59,73
job_197,skill_27,35
job_197,skill_77,64
job_197,skill_25,72
job_197,skill_147,57
job_197,skill_131,56
job_197,skill_28,42
job_197,skill_89,77
job_197,skill_133,68
job_197,skill_36,46
job_198,skill_31,72
job_198,skill_73,48
job_198,skill_81,71
job_198,skill_58,56
job_198,skill_110,75
job_199,skill_14,64
job_199,skill_49,77
job_199,skill_2,77
job_199,skill_77,77
job_199,skill_111,53
job_199,skill_50,67
job_199,skill_83,35
job_199,skill_18,38
job_199,skill_135,65
job_199,skill_31,72
job_199,skill_59,41
job_200,skill_38,71
job_200,skill_63,66
job_200,skill_41,54
job_200,skill_36,49
job_200,skill_9,78
job_200,skill_59,46
job_200,skill_115,80
job_200,skill_84,51
job_201,skill_13,68
job_201,skill_45,33
job_201,skill_127,76
job_201,skill_25,76
job_201,skill_71,30
job_201,skill_30,42
job_201,skill_33,77
job_201,skill_66,75
job_201,skill_68,48
job_201,skill_145,30
job_201,skill_130,34
job_201,skill_123,57
job_201,skill_109,39
job_201,skill_58,64
job_202,skill_144,68
job_202,skill_107,74
job_202,skill_93,36
job_202,skill_50,69
job_202,skill_105,43
job_202,skill_66,54
job_202,skill_88,60
job_203,skill_116,57
job_203,skill_6,37
job_203,skill_46,39
job_203,skill_64,68
job_203,skill_147,36
job_203,skill_148,50
job_203,skill_118,56
job_203,skill_115,47
job_203,skill_85,69
job_203,skill_105,64
job_203,skill_78,79
job_203,skill_69,47
job_203,skill_50,74
job_204,skill_44,55
job_204,skill_35,38
job_204,skill_126,51
job_204,skill_131,63
job_204,skill_57,61
job_205,skill_113,32
job_205,skill_131,80
job_205,skill_30,40
job_205,skill_47,31
job_205,skill_1,62
job_205,skill_71,57
job_205,skill_8,48
job_205,skill_36,68
job_206,skill_49,67
job_206,skill_100,36
job_206,skill_106,40
job_206,skill_124,75
job_206,skill_87,69
job_207,skill_60,60
job_207,skill_141,37
job_207,skill_138,48
job_207,skill_8,38
job_207,skill_9,30
job_207,skill_91,48
job_207,skill_26,42
job_207,skill_139,39
job_207,skill_49,41
job_207,skill_149,62
job_207,skill_44,59
job_207,skill_65,52
job_207,skill_66,63
job_207,skill_62,65
job_208,skill_102,48
job_208,skill_140,72
job_208,skill_99,32
job_208,skill_13,53
job_208,skill_91,79
job_208,skill_106,77
job_208,skill_84,43
job_208,skill_138,42
job_208,skill_117,57
job_209,skill_135,43
job_209,skill_87,65
job_209,skill_13,40
job_209,skill_60,31
job_209,skill_138,61
job_209,skill_46,31
job_209,skill_33,58
job_209,skill_126,68
job_209,skill_68,30
job_209,skill_97,32
job_209,skill_109,79
job_210,skill_25,64
job_210,skill_11,42
job_210,skill_59,48
job_210,skill_49,35
job_210,skill_44,38
job_210,skill_137,41
job_210,skill_12,54
job_210,skill_118,64
job_211,skill_134,53
job_211,skill_64,52
job_211,skill_100,38
job_211,skill_107,52
job_211,skill_130,67
job_211,skill_111,65
job_211,skill_148,47
job_211,skill_47,59
job_211,skill_116,62
job_211,skill_29,34
job_211,skill_115,64
job_211,skill_15,45
job_211,skill_69,74
job_212,skill_102,39
job_212,skill_120,47
job_212,skill_75,35
job_212,skill_26,30
job_212,skill_91,45
job_212,skill_51,53
job_212,skill_56,64
job_212,skill_130,32
job_212,skill_136,61
job_212,skill_34,42
job_213,skill_125,33
job_213,skill_9,73
job_213,skill_17,78
job_213,skill_81,40
job_213,skill_36,70
job_213,skill_141,30
job_213,skill_55,41
job_213,skill_11,63
job_213,skill_32,56
job_213,skill_83,70
job_213,skill_108,58
job_213,skill_99,78
job_213,skill_131,31
job_213,skill_35,62
job_214,skill_17,75
job_214,skill_49,51
job_214,skill_64,37
job_214,skill_116,59
job_214,skill_100,67
job_214,skill_0,61
job_215,skill_14,56
job_215,skill_46,37
job_215,skill_20,45
job_215,skill_1,47
job_215,skill_139,70
job_215,skill_54,60
job_215,skill_145,56
job_215,skill_138,69
job_215,skill_116,60
job_215,skill_23,36
job_216,skill_36,61
job_216,skill_44,76
job_216,skill_114,38
job_216,skill_14,65
job_216,skill_86,41
job_216,skill_116,52
job_216,skill_135,44
job_216,skill_91,71
job_216,skill_32,54
job_217,skill_122,53
job_217,skill_36,58
job_217,skill_117,66
job_217,skill_108,42
job_217,skill_11,61
job_218,skill_128,52
job_218,skill_122,48
job_218,skill_59,54
job_218,skill_75,58
job_218,skill_26,60
job_218,skill_74,35
job_219,skill_128,37
job_219,skill_18,43
job_219,skill_13,31
job_219,skill_138,45
job_219,skill_16,44
job_219,skill_149,75
job_219,skill_101,43
job_219,skill_91,62
job_219,skill_24,30
job_219,skill_4,65
job_220,skill_35,59
job_220,skill_141,80
job_220,skill_147,80
job_220,skill_81,66
job_220,skill_148,80
job_221,skill_39,30
job_221,skill_66,32
job_221,skill_124,33
job_221,skill_3,30
job_221,skill_93,58
job_221,skill_98,70
job_221,skill_38,66
job_221,skill_35,56
job_221,skill_17,52
job_221,skill_22,36
job_221,skill_122,68
job_221,skill_95,43
job_221,skill_132,72
job_221,skill_139,40
job_221,skill_26,35
job_222,skill_80,71
job_222,skill_124,36
job_222,skill_8,41
job_222,skill_32,38
job_222,skill_116,35
job_222,skill_132,72
job_222,skill_7,33
job_222,skill_19,61
job_222,skill_89,77
job_222,skill_68,80
job_222,skill_77,57
job_222,skill_65,77
job_222,skill_126,61
job_223,skill_46,61
job_223,skill_93,42
job_223,skill_37,56
job_223,skill_143,65
job_223,skill_57,61
job_223,skill_129,64
job_223,skill_50,40
job_224,skill_138,74
job_224,skill_2,45
job_224,skill_109,37
job_224,skill_81,35
job_224,skill_139,31
job_224,skill_122,54
job_225,skill_88,59
job_225,skill_121,70
job_225,skill_84,64
job_225,skill_22,54
job_225,skill_132,67
job_225,skill_60,72
job_225,skill_149,77
job_225,skill_106,54
job_225,skill_13,31
job_225,skill_21,67
job_226,skill_44,34
job_226,skill_49,37
job_226,skill_41,41
job_226,skill_18,80
job_226,skill_14,75
job_226,skill_10,54
job_227,skill_146,41
job_227,skill_72,78
job_227,skill_133,33
job_227,skill_31,32
job_227,skill_0,71
job_227,skill_20,46
job_227,skill_116,78
job_227,skill_60,75
job_227,skill_85,59
job_227,skill_54,31
job_227,skill_71,53
job_227,skill_64,46
job_227,skill_140,77
job_227,skill_84,62
job_228,skill_105,70
job_228,skill_69,75
job_228,skill_12,77
job_228,skill_146,63
job_228,skill_89,63
job_228,skill_115,56
job_228,skill_128,70
job_228,skill_38,39
job_229,skill_82,52
job_229,skill_44,41
job_229,skill_146,47
job_229,skill_72,36
job_229,skill_18,69
job_229,skill_8,52
job_229,skill_9,38
job_229,skill_127,50
job_229,skill_40,79
job_229,skill_85,62
job_229,skill_48,59
job_230,skill_137,70
job_230,skill_15,37
job_230,skill_14,57
job_230,skill_88,31
job_230,skill_50,66
job_230,skill_19,42
job_230,skill_64,58
job_230,skill_111,44
job_230,skill_44,57
job_230,skill_49,35
job_230,skill_147,68
job_230,skill_18,33
job_231,skill_12,79
job_231,skill_99,55
job_231,skill_25,74
job_231,skill_91,39
job_231,skill_85,80
job_231,skill_41,59
job_231,skill_116,35
job_231,skill_34,66
job_232,skill_126,34
job_232,skill_56,43
job_232,skill_145,54
job_232,skill_101,71
job_232,skill_147,69
job_232,skill_64,65
job_232,skill_88,53
job_233,skill_32,35
job_233,skill_95,66
job_233,skill_82,35
job_233,skill_46,69
job_233,skill_10,54
job_233,skill_43,35
job_233,skill_114,35
job_233,skill_47,55
job_233,skill_41,40
job_233,skill_11,76
job_234,skill_134,76
job_234,skill_36,66
job_234,skill_41,68
job_234,skill_45,38
job_234,skill_58,64
job_234,skill_2,34
job_234,skill_104,45
job_234,skill_105,49
job_234,skill_116,48
job_234,skill_55,64
job_235,skill_62,32
job_235,skill_137,56
job_235,skill_127,33
job_235,skill_81,42
job_235,skill_45,63
job_235,skill_57,49
job_235,skill_53,68
job_235,skill_35,67
job_235,skill_97,39
job_235,skill_128,52
job_235,skill_135,61
job_235,skill_26,35
job_235,skill_147,61
job_235,skill_43,80
job_236,skill_6,57
job_236,skill_24,34
job_236,skill_95,40
job_236,skill_139,68
job_236,skill_14,58
job_237,skill_73,72
job_237,skill_70,33
job_237,skill_63,72
job_237,skill_2,49
job_237,skill_36,42
job_238,skill_61,67
job_238,skill_45,52
job_238,skill_121,46
job_238,skill_126,75
job_238,skill_59,42
job_238,skill_122,60
job_238,skill_49,55
job_238,skill_36,33
job_238,skill_114,40
job_238,skill_48,57
job_239,skill_111,40
job_239,skill_112,78
job_239,skill_101,65
job_239,skill_136,71
job_239,skill_123,30
job_239,skill_95,49
job_239,skill_115,73
job_239,skill_94,60
job_239,skill_127,30
job_239,skill_145,72
job_240,skill_137,33
job_240,skill_10,39
job_240,skill_38,63
job_240,skill_46,30
job_240,skill_32,60
job_240,skill_25,36
job_240,skill_72,30
job_240,skill_12,43
job_240,skill_86,53
job_240,skill_80,76
job_240,skill_132,40
job_240,skill_136,71
job_240,skill_82,30
job_240,skill_57,30
job_240,skill_52,41
job_241,skill_98,56
job_241,skill_11,64
job_241,skill_101,40
job_241,skill_111,39
job_241,skill_72,34
job_241,skill_3,54
job_241,skill_138,42
job_241,skill_5,33
job_241,skill_119,45
job_241,skill_136,52
job_242,skill_44,33
job_242,skill_82,63
job_242,skill_64,32
job_242,skill_2,74
job_242,skill_14,58
job_242,skill_113,44
job_243,skill_40,52
job_243,skill_49,60
job_243,skill_122,61
job_243,skill_1,77
job_243,skill_13,56
job_243,skill_42,75
job_244,skill_102,40
job_244,skill_61,46
job_244,skill_141,33
job_244,skill_50,77
job_244,skill_69,41
job_245,skill_102,32
job_245,skill_112,62
job_245,skill_29,38
job_245,skill_58,31
job_245,skill_85,79
job_245,skill_12,35
job_245,skill_22,48
job_246,skill_100,58
job_246,skill_116,44
job_246,skill_38,37
job_246,skill_59,72
job_246,skill_54,30
job_246,skill_29,37
job_246,skill_13,36
job_246,skill_27,56
job_247,skill_148,69
job_247,skill_146,62
job_247,skill_33,30
job_247,skill_19,77
job_247,skill_42,65
job_247,skill_61,80
job_247,skill_124,66
job_247,skill_102,73
job_247,skill_79,39
job_248,skill_45,54
job_248,skill_15,38
job_248,skill_67,74
job_248,skill_99,59
job_248,skill_27,32
job_248,skill_12,37
job_248,skill_141,55
job_248,skill_76,72
job_248,skill_44,59
job_248,skill_16,38
job_248,skill_69,48
job_249,skill_134,57
job_249,skill_43,45
job_249,skill_97,33
job_249,skill_49,41
job_249,skill_108,66
job_249,skill_10,57
job_249,skill_77,58
job_249,skill_16,44
job_249,skill_72,36
job_249,skill_126,69
job_249,skill_52,56
job_249,skill_21,64
job_249,skill_25,72
job_250,skill_128,42
job_250,skill_59,41
job_250,skill_1,36
job_250,skill_114,37
job_250,skill_140,50
job_250,skill_19,51
job_250,skill_7,41
job_251,skill_1,70
job_251,skill_93,37
job_251,skill_79,51
job_251,skill_72,65
job_251,skill_97,33
job_251,skill_146,31
job_251,skill_121,75
job_252,skill_137,71
job_252,skill_140,58
job_252,skill_101,77
job_252,skill_108,41
job_252,skill_66,75
job_252,skill_73,65
job_252,skill_0,38
job_253,skill_34,35
job_253,skill_46,32
job_253,skill_119,57
job_253,skill_43,46
job_253,skill_53,59
job_253,skill_121,58
job_253,skill_107,67
job_253,skill_58,68
job_253,skill_97,31
job_253,skill_130,51
job_253,skill_104,48
job_253,skill_20,76
job_253,skill_120,63
job_254,skill_24,34
job_254,skill_59,69
job_254,skill_79,71
job_254,skill_80,65
job_254,skill_125,76
job_254,skill_31,69
job_254,skill_43,69
job_255,skill_4,41
job_255,skill_106,38
job_255,skill_44,65
job_255,skill_120,40
job_255,skill_23,72
job_255,skill_78,72
job_255,skill_119,63
job_255,skill_7,42
job_255,skill_141,39
job_255,skill_137,42
job_255,skill_14,74
job_256,skill_14,38
job_256,skill_24,60
job_256,skill_94,31
job_256,skill_121,76
job_256,skill_18,78
job_257,skill_134,46
job_257,skill_130,59
job_257,skill_50,58
job_257,skill_60,75
job_257,skill_109,40
job_257,skill_97,72
job_258,skill_128,70
job_258,skill_131,48
job_258,skill_4,35
job_258,skill_122,61
job_258,skill_84,54
job_258,skill_13,51
job_258,skill_79,52
job_259,skill_149,30
job_259,skill_59,65
job_259,skill_30,76
job_259,skill_116,63
job_259,skill_50,46
job_260,skill_110,62
job_260,skill_114,50
job_260,skill_33,78
job_260,skill_146,45
job_260,skill_18,51
job_260,skill_134,36
job_260,skill_54,42
job_260,skill_118,80
job_260,skill_87,65
job_260,skill_145,54
job_260,skill_117,30
job_261,skill_121,55
job_261,skill_13,64
job_261,skill_4,32
job_261,skill_123,58
job_261,skill_142,61
job_261,skill_31,40
job_261,skill_74,31
job_261,skill_52,59
job_261,skill_149,70
job_261,skill_10,32
job_261,skill_56,67
job_261,skill_100,78
job_261,skill_61,44
job_262,skill_96,33
job_262,skill_71,52
job_262,skill_83,47
job_262,skill_63,69
job_262,skill_116,34
job_262,skill_34,74
job_262,skill_50,40
job_262,skill_109,68
job_262,skill_7,37
job_262,skill_115,56
job_263,skill_33,46
job_263,skill_103,41
job_263,skill_121,74
job_263,skill_49,66
job_263,skill_131,67
job_263,skill_61,77
job_263,skill_95,59
job_263,skill_136,48
job_263,skill_113,52
job_263,skill_0,38
job_263,skill_143,60
job_263,skill_101,54
job_264,skill_113,73
job_264,skill_33,43
job_264,skill_100,78
job_264,skill_77,62
job_264,skill_132,36
job_264,skill_14,62
job_264,skill_63,67
job_264,skill_68,47
job_264,skill_48,73
job_264,skill_46,63
job_264,skill_34,43
job_264,skill_142,68
job_264,skill_41,70
job_264,skill_50,48
job_265,skill_125,67
job_265,skill_111,61
job_265,skill_138,56
job_265,skill_133,35
job_265,skill_64,37
job_265,skill_91,70
job_265,skill_148,68
job_265,skill_38,58
job_265,skill_12,73
job_265,skill_95,61
job_265,skill_78,69
job_266,skill_61,80
job_266,skill_118,68
job_266,skill_146,59
job_266,skill_37,45
job_266,skill_109,51
job_266,skill_42,45
job_266,skill_101,76
job_266,skill_104,50
job_266,skill_114,37
job_266,skill_45,31
job_267,skill_100,41
job_267,skill_64,44
job_267,skill_73,61
job_267,skill_115,33
job_267,skill_31,67
job_267,skill_70,36
job_267,skill_9,39
job_267,skill_93,40
job_267,skill_80,58
job_267,skill_4,44
job_268,skill_18,76
job_268,skill_110,71
job_268,skill_115,30
job_268,skill_30,35
job_268,skill_111,40
job_268,skill_26,80
job_268,skill_144,37
job_268,skill_14,53
job_268,skill_123,52
job_268,skill_132,59
job_268,skill_34,40
job_268,skill_43,80
job_268,skill_97,53
job_269,skill_37,55
job_269,skill_123,63
job_269,skill_47,35
job_269,skill_137,66
job_269,skill_48,69
job_269,skill_35,63
job_269,skill_31,45
job_269,skill_57,74
job_270,skill_20,30
job_270,skill_99,43
job_270,skill_28,34
job_270,skill_111,65
job_270,skill_18,71
job_271,skill_59,79
job_271,skill_22,62
job_271,skill_39,61
job_271,skill_72,46
job_271,skill_84,33
job_271,skill_76,76
job_271,skill_55,79
job_271,skill_128,33
job_271,skill_135,36
job_271,skill_30,40
job_272,skill_75,68
job_272,skill_112,52
job_272,skill_30,66
job_272,skill_120,57
job_272,skill_110,38
job_272,skill_87,50
job_272,skill_89,57
job_272,skill_49,52
job_272,skill_57,62
job_272,skill_73,52
job_272,skill_130,67
job_272,skill_116,79
job_272,skill_127,36
job_272,skill_118,49
job_272,skill_141,57
job_273,skill_118,69
job_273,skill_63,30
job_273,skill_96,30
job_273,skill_78,55
job_273,skill_44,47
job_273,skill_117,49
job_273,skill_135,45
job_273,skill_32,51
job_273,skill_57,62
job_273,skill_95,42
job_273,skill_142,48
job_274,skill_10,60
job_274,skill_51,49
job_274,skill_68,73
job_274,skill_3,44
job_274,skill_81,33
job_274,skill_91,75
job_274,skill_133,71
job_274,skill_145,76
job_275,skill_59,36
job_275,skill_6,36
job_275,skill_108,68
job_275,skill_84,55
job_275,skill_123,54
job_275,skill_56,78
job_275,skill_26,78
job_275,skill_86,40
job_275,skill_28,65
job_275,skill_24,70
job_275,skill_106,48
job_275,skill_43,74
job_275,skill_80,64
job_276,skill_3,61
job_276,skill_32,59
job_276,skill_26,41
job_276,skill_57,32
job_276,skill_111,71
job_276,skill_97,30
job_276,skill_103,72
job_276,skill_145,70
job_276,skill_50,66
job_277,skill_113,47
job_277,skill_15,63
job_277,skill_62,62
job_277,skill_132,60
job_277,skill_89,80
job_277,skill_53,35
job_277,skill_25,67
job_277,skill_42,52
job_277,skill_31,39
job_277,skill_36,30
job_277,skill_60,78
job_277,skill_48,33
job_277,skill_103,45
job_277,skill_61,76
job_277,skill_121,35
job_278,skill_11,55
job_278,skill_71,65
job_278,skill_103,64
job_278,skill_61,34
job_278,skill_15,55
job_278,skill_25,76
job_278,skill_77,68
job_279,skill_41,41
job_279,skill_144,39
job_279,skill_148,60
job_279,skill_135,40
job_279,skill_149,60
job_279,skill_122,57
job_279,skill_25,31
job_279,skill_37,47
job_279,skill_108,32
job_280,skill_138,55
job_280,skill_71,55
job_280,skill_67,68
job_280,skill_109,71
job_280,skill_18,40
job_280,skill_59,80
job_280,skill_82,47
job_280,skill_49,70
job_280,skill_83,55
job_280,skill_88,71
job_281,skill_41,77
job_281,skill_123,73
job_281,skill_141,80
job_281,skill_125,32
job_281,skill_134,61
job_281,skill_138,30
job_281,skill_109,63
job_281,skill_19,73
job_281,skill_82,34
job_281,skill_94,78
job_281,skill_131,49
job_281,skill_16,62
job_281,skill_136,36
job_282,skill_60,38
job_282,skill_47,55
job_282,skill_96,50
job_282,skill_119,66
job_282,skill_49,74
job_282,skill_80,69
job_283,skill_89,35
job_283,skill_42,54
job_283,skill_84,39
job_283,skill_144,61
job_283,skill_86,67
job_284,skill_128,45
job_284,skill_26,39
job_284,skill_83,58
job_284,skill_144,43
job_284,skill_60,75
job_285,skill_1,65
job_285,skill_138,37
job_285,skill_13,48
job_285,skill_23,63
job_285,skill_96,69
job_285,skill_18,31
job_285,skill_131,47
job_285,skill_2,76
job_285,skill_25,72
job_285,skill_9,66
job_285,skill_94,46
job_285,skill_105,52
job_286,skill_130,57
job_286,skill_5,77
job_286,skill_59,62
job_286,skill_116,69
job_286,skill_70,31
job_286,skill_89,54
job_286,skill_122,39
job_286,skill_41,73
job_286,skill_29,58
job_286,skill_115,69
job_287,skill_58,60
job_287,skill_3,72
job_287,skill_127,74
job_287,skill_1,41
job_287,skill_16,60
job_287,skill_79,67
job_287,skill_95,42
job_287,skill_6,41
job_287,skill_65,61
job_287,skill_73,60
job_287,skill_29,36
job_287,skill_25,31
job_287,skill_59,43
job_287,skill_78,58
job_288,skill_103,78
job_288,skill_46,71
job_288,skill_140,67
job_288,skill_67,65
job_288,skill_57,47
job_288,skill_77,54
job_288,skill_130,62
job_288,skill_106,62
job_288,skill_138,70
job_288,skill_87,66
job_289,skill_54,50
job_289,skill_124,37
job_289,skill_115,65
job_289,skill_116,75
job_289,skill_143,48
job_289,skill_105,39
job_289,skill_139,59
job_289,skill_100,62
job_289,skill_49,59
job_289,skill_35,69
job_289,skill_111,46
job_290,skill_43,67
job_290,skill_37,42
job_290,skill_112,71
job_290,skill_65,68
job_290,skill_16,66
job_290,skill_45,70
job_290,skill_48,39
job_290,skill_136,63
job_290,skill_83,42
job_290,skill_128,40
job_290,skill_88,74
job_290,skill_133,78
job_290,skill_38,35
job_290,skill_127,71
job_291,skill_139,34
job_291,skill_73,40
job_291,skill_148,70
job_291,skill_34,58
job_291,skill_30,61
job_291,skill_25,37
job_292,skill_46,64
job_292,skill_58,50
job_292,skill_146,70
job_292,skill_129,70
job_292,skill_119,32
job_292,skill_34,49
job_292,skill_102,76
job_292,skill_27,66
job_292,skill_114,41
job_292,skill_95,35
job_292,skill_90,62
job_293,skill_123,53
job_293,skill_148,76
job_293,skill_93,77
job_293,skill_1,56
job_293,skill_6,48
job_293,skill_9,32
job_293,skill_101,64
job_293,skill_25,42
job_293,skill_70,62
job_293,skill_143,45
job_293,skill_126,61
job_293,skill_116,78
job_293,skill_13,65
job_293,skill_86,78
job_294,skill_8,60
job_294,skill_28,55
job_294,skill_44,41
job_294,skill_101,47
job_294,skill_32,73
job_294,skill_2,36
job_294,skill_53,74
job_294,skill_109,53
job_295,skill_33,32
job_295,skill_29,59
job_295,skill_70,37
job_295,skill_125,63
job_295,skill_73,77
job_295,skill_93,43
job_295,skill_12,48
job_295,skill_48,67
job_295,skill_68,62
job_295,skill_112,35
job_295,skill_139,67
job_295,skill_95,38
job_296,skill_110,49
job_296,skill_56,64
job_296,skill_59,62
job_296,skill_90,61
job_296,skill_105,48
job_296,skill_40,75
job_296,skill_88,44
job_296,skill_0,57
job_296,skill_93,61
job_296,skill_119,79
job_296,skill_72,75
job_296,skill_60,37
job_296,skill_28,38
job_296,skill_19,31
job_296,skill_4,52
job_297,skill_96,69
job_297,skill_48,52
job_297,skill_134,63
job_297,skill_149,63
job_297,skill_109,80
job_297,skill_8,58
job_297,skill_67,78
job_297,skill_63,44
job_297,skill_13,68
job_297,skill_127,51
job_297,skill_132,66
job_298,skill_21,72
job_298,skill_148,45
job_298,skill_76,39
job_298,skill_36,41
job_298,skill_140,58
job_298,skill_66,68
job_298,skill_53,69
job_298,skill_97,38
job_298,skill_88,39
job_299,skill_76,35
job_299,skill_125,56
job_299,skill_123,49
job_299,skill_115,59
job_299,skill_16,43
job_299,skill_112,50
job_299,skill_50,56
job_300,skill_11,65
job_300,skill_95,61
job_300,skill_18,68
job_300,skill_22,37
job_300,skill_70,48
job_300,skill_137,65
job_300,skill_48,52
job_301,skill_72,65
job_301,skill_94,32
job_301,skill_133,41
job_301,skill_26,44
job_301,skill_41,33
job_301,skill_30,80
job_301,skill_132,33
job_301,skill_100,37
job_302,skill_63,44
job_302,skill_49,43
job_302,skill_89,30
job_302,skill_141,65
job_302,skill_30,79
job_303,skill_51,76
job_303,skill_102,80
job_303,skill_97,38
job_303,skill_74,45
job_303,skill_122,44
job_303,skill_27,56
job_304,skill_67,53
job_304,skill_115,76
job_304,skill_58,77
job_304,skill_131,60
job_304,skill_88,79
job_305,skill_60,41
job_305,skill_64,36
job_305,skill_115,73
job_305,skill_136,70
job_305,skill_80,54
job_305,skill_22,30
job_305,skill_137,63
job_305,skill_92,45
job_305,skill_65,36
job_305,skill_31,35
job_305,skill_79,63
job_306,skill_112,75
job_306,skill_65,71
job_306,skill_6,36
job_306,skill_14,53
job_306,skill_46,67
job_306,skill_32,71
job_306,skill_55,57
job_306,skill_67,31
job_306,skill_79,45
job_306,skill_78,74
job_306,skill_138,65
job_307,skill_39,62
job_307,skill_122,40
job_307,skill_23,62
job_307,skill_79,77
job_307,skill_105,61
job_307,skill_32,45
job_307,skill_81,49
job_307,skill_98,55
job_307,skill_25,73
job_307,skill_144,35
job_307,skill_51,74
job_307,skill_66,78
job_307,skill_60,67
job_307,skill_114,61
job_307,skill_117,43
job_309,skill_9,38
job_309,skill_18,46
job_309,skill_48,34
job_309,skill_56,74
job_309,skill_32,58
job_310,skill_74,42
job_310,skill_41,79
job_310,skill_96,51
job_310,skill_142,44
job_310,skill_2,41
job_310,skill_120,36
job_310,skill_138,65
job_311,skill_104,57
job_311,skill_121,39
job_311,skill_148,64
job_311,skill_132,41
job_311,skill_28,39
job_311,skill_50,64
job_311,skill_145,44
job_311,skill_55,73
job_311,skill_81,74
job_311,skill_91,43
job_312,skill_101,61
job_312,skill_120,33
job_312,skill_47,73
job_312,skill_121,64
job_312,skill_93,65
job_312,skill_147,61
job_312,skill_95,65
job_312,skill_139,66
job_312,skill_72,69
job_312,skill_97,56
job_313,skill_74,36
job_313,skill_44,39
job_313,skill_149,78
job_313,skill_40,52
job_313,skill_105,33
job_313,skill_147,77
job_313,skill_92,36
job_313,skill_1,58
job_313,skill_111,76
job_313,skill_131,69
job_313,skill_38,55
job_313,skill_142,78
job_314,skill_118,53
job_314,skill_38,38
job_314,skill_107,64
job_314,skill_106,48
job_314,skill_44,60
job_314,skill_37,50
job_314,skill_7,80
job_314,skill_104,57
job_314,skill_143,32
job_314,skill_138,76
job_314,skill_3,33
job_315,skill_109,39
job_315,skill_72,78
job_315,skill_145,76
job_315,skill_75,77
job_315,skill_48,54
job_315,skill_70,45
job_315,skill_18,42
job_315,skill_49,40
job_315,skill_125,65
job_315,skill_141,34
job_315,skill_73,38
job_317,skill_109,56
job_317,skill_136,32
job_317,skill_84,60
job_317,skill_105,35
job_317,skill_89,36
job_317,skill_63,50
job_317,skill_8,33
job_317,skill_26,62
job_317,skill_34,56
job_317,skill_91,45
job_317,skill_27,62
job_317,skill_97,63
job_317,skill_50,61
job_317,skill_42,71
job_317,skill_101,71
job_318,skill_126,41
job_318,skill_97,36
job_318,skill_46,75
job_318,skill_119,34
job_318,skill_103,58
job_318,skill_68,69
job_318,skill_14,62
job_319,skill_1,64
job_319,skill_63,59
job_319,skill_144,80
job_319,skill_119,80
job_319,skill_7,56
job_319,skill_22,73
job_319,skill_147,37
job_319,skill_15,32
job_319,skill_52,54
job_319,skill_124,36
job_319,skill_36,60
job_319,skill_139,76
job_319,skill_98,38
job_320,skill_76,43
job_320,skill_145,68
job_320,skill_95,74
job_320,skill_82,62
job_320,skill_75,42
job_320,skill_30,36
job_321,skill_6,35
job_321,skill_93,36
job_321,skill_110,45
job_321,skill_47,35
job_321,skill_137,42
job_321,skill_149,58
job_321,skill_106,50
job_321,skill_108,40
job_321,skill_0,39
job_321,skill_68,60
job_321,skill_130,45
job_321,skill_140,70
job_321,skill_132,50
job_322,skill_101,52
job_322,skill_34,72
job_322,skill_85,70
job_322,skill_107,34
job_322,skill_61,38
job_322,skill_30,79
job_322,skill_68,67
job_322,skill_90,57
job_322,skill_53,68
job_322,skill_105,56
job_323,skill_11,36
job_323,skill_65,44
job_323,skill_122,47
job_323,skill_48,51
job_323,skill_127,58
job_323,skill_10,64
job_323,skill_115,36
job_323,skill_139,30
job_323,skill_59,71
job_323,skill_8,46
job_323,skill_142,36
job_323,skill_86,70
job_324,skill_51,62
job_324,skill_5,66
job_324,skill_125,60
job_324,skill_118,53
job_324,skill_17,36
job_324,skill_38,55
job_324,skill_133,36
job_324,skill_78,37
job_324,skill_67,34
job_324,skill_1,39
job_324,skill_22,38
job_324,skill_11,50
job_324,skill_147,60
job_324,skill_37,51
job_324,skill_44,66
job_325,skill_86,75
job_325,skill_124,62
job_325,skill_139,45
job_325,skill_56,41
job_325,skill_13,70
job_325,skill_15,37
job_325,skill_3,30
job_325,skill_55,44
job_326,skill_79,73
job_326,skill_134,69
job_326,skill_64,59
job_326,skill_146,47
job_326,skill_56,72
job_326,skill_111,59
job_326,skill_105,55
job_326,skill_48,37
job_326,skill_42,36
job_326,skill_4,35
job_326,skill_5,58
job_327,skill_31,57
job_327,skill_66,74
job_327,skill_17,51
job_327,skill_85,32
job_327,skill_27,34
job_327,skill_42,48
job_327,skill_140,65
job_327,skill_18,75
job_327,skill_111,47
job_327,skill_26,80
job_327,skill_137,33
job_328,skill_82,76
job_328,skill_140,53
job_328,skill_37,75
job_328,skill_117,44
job_328,skill_56,49
job_328,skill_134,54
job_328,skill_99,66
job_328,skill_132,79
job_328,skill_29,32
job_328,skill_93,47
job_328,skill_65,78
job_328,skill_137,63
job_328,skill_57,44
job_328,skill_127,80
job_328,skill_89,54
job_329,skill_98,34
job_329,skill_22,72
job_329,skill_103,40
job_329,skill_55,42
job_329,skill_87,71
job_329,skill_145,67
job_329,skill_95,61
job_330,skill_74,55
job_330,skill_67,42
job_330,skill_14,52
job_330,skill_58,36
job_330,skill_4,61
job_330,skill_27,31
job_330,skill_142,71
job_330,skill_68,34
job_330,skill_29,40
job_330,skill_109,63
job_331,skill_85,33
job_331,skill_42,49
job_331,skill_39,35
job_331,skill_15,71
job_331,skill_124,47
job_332,skill_63,77
job_332,skill_127,40
job_332,skill_121,62
job_332,skill_61,51
job_332,skill_74,74
job_333,skill_48,56
job_333,skill_2,76
job_333,skill_106,53
job_333,skill_32,44
job_333,skill_128,42
job_333,skill_114,65
job_333,skill_103,44
job_334,skill_93,80
job_334,skill_60,62
job_334,skill_79,56
job_334,skill_13,30
job_334,skill_142,55
job_334,skill_80,39
job_334,skill_52,62
job_334,skill_94,68
job_334,skill_31,45
job_334,skill_7,70
job_334,skill_4,39
job_334,skill_74,30
job_334,skill_92,72
job_335,skill_106,44
job_335,skill_49,62
job_335,skill_97,38
job_335,skill_120,53
job_335,skill_149,80
job_336,skill_77,74
job_336,skill_104,65
job_336,skill_79,80
job_336,skill_39,79
job_336,skill_80,31
job_336,skill_5,68
job_336,skill_115,46
job_336,skill_68,54
job_336,skill_73,72
job_336,skill_26,80
job_337,skill_102,71
job_337,skill_130,50
job_337,skill_14,45
job_337,skill_137,51
job_337,skill_28,52
job_337,skill_141,74
job_337,skill_17,39
job_338,skill_103,71
job_338,skill_66,61
job_338,skill_137,49
job_338,skill_28,58
job_338,skill_147,71
job_338,skill_32,62
job_338,skill_143,61
job_338,skill_111,67
job_339,skill_89,63
job_339,skill_111,32
job_339,skill_4,68
job_339,skill_104,67
job_339,skill_79,50
job_339,skill_90,80
job_339,skill_124,76
job_339,skill_123,45
job_340,skill_59,67
job_340,skill_30,76
job_340,skill_35,54
job_340,skill_48,62
job_340,skill_131,72
job_340,skill_149,65
job_340,skill_36,62
job_340,skill_145,60
job_340,skill_72,40
job_340,skill_9,43
job_340,skill_115,78
job_340,skill_16,64
job_340,skill_56,44
job_340,skill_19,80
job_340,skill_128,45
job_341,skill_121,39
job_341,skill_48,44
job_341,skill_134,71
job_341,skill_101,52
job_341,skill_77,39
job_341,skill_113,80
job_341,skill_75,67
job_341,skill_107,38
job_341,skill_110,40
job_341,skill_74,63
job_341,skill_58,51
job_341,skill_96,36
job_341,skill_19,59
job_341,skill_22,54
job_341,skill_86,76
job_342,skill_119,76
job_342,skill_123,39
job_342,skill_118,73
job_342,skill_115,33
job_342,skill_2,76
job_342,skill_97,64
job_342,skill_53,51
job_343,skill_57,62
job_343,skill_29,33
job_343,skill_78,79
job_343,skill_97,75
job_343,skill_134,67
job_343,skill_139,30
job_343,skill_0,61
job_343,skill_88,65
job_343,skill_142,54
job_343,skill_83,71
job_343,skill_54,76
job_343,skill_108,66
job_343,skill_3,36
job_343,skill_42,49
job_343,skill_25,50
job_344,skill_98,40
job_344,skill_88,32
job_344,skill_7,80
job_344,skill_29,39
job_344,skill_95,50
job_344,skill_24,64
job_344,skill_112,67
job_345,skill_94,50
job_345,skill_11,31
job_345,skill_96,51
job_345,skill_126,34
job_345,skill_113,62
job_345,skill_10,49
job_345,skill_128,33
job_345,skill_101,62
job_345,skill_104,76
job_345,skill_100,37
job_345,skill_98,71
job_345,skill_7,47
job_346,skill_104,53
job_346,skill_86,51
job_346,skill_81,37
job_346,skill_115,78
job_346,skill_21,30
job_346,skill_15,31
job_346,skill_140,70
job_347,skill_45,45
job_347,skill_74,49
job_347,skill_37,41
job_347,skill_51,34
job_347,skill_64,72
job_347,skill_1,49
job_347,skill_112,39
job_347,skill_80,68
job_347,skill_101,49
job_347,skill_78,55
job_347,skill_142,75
job_348,skill_121,69
job_348,skill_42,65
job_348,skill_23,67
job_348,skill_147,72
job_348,skill_22,42
job_348,skill_111,45
job_348,skill_77,32
job_348,skill_100,50
job_348,skill_84,60
job_348,skill_12,48
job_348,skill_18,46
job_348,skill_81,57
job_348,skill_55,65
job_348,skill_38,60
job_349,skill_44,30
job_349,skill_97,47
job_349,skill_67,76
job_349,skill_121,44
job_349,skill_62,43
job_349,skill_35,70
job_349,skill_30,50
job_349,skill_136,76
job_349,skill_38,46
job_349,skill_25,38
job_349,skill_72,78
job_349,skill_9,46
job_349,skill_132,59
job_350,skill_119,51
job_350,skill_80,54
job_350,skill_35,78
job_350,skill_21,77
job_350,skill_92,33
job_350,skill_122,74
job_350,skill_143,66
job_350,skill_43,39
job_350,skill_83,34
job_350,skill_139,48
job_351,skill_91,32
job_351,skill_126,68
job_351,skill_113,34
job_351,skill_117,76
job_351,skill_146,48
job_351,skill_72,70
job_351,skill_110,32
job_351,skill_75,61
job_351,skill_67,76
job_351,skill_80,55
job_351,skill_65,31
job_351,skill_141,61
job_352,skill_27,79
job_352,skill_29,47
job_352,skill_78,39
job_352,skill_61,55
job_352,skill_6,41
job_352,skill_120,70
job_352,skill_28,71
job_352,skill_60,62
job_352,skill_122,53
job_352,skill_7,58
job_352,skill_123,45
job_352,skill_100,72
job_352,skill_14,48
job_352,skill_148,31
job_352,skill_42,73
job_353,skill_55,67
job_353,skill_96,31
job_353,skill_140,44
job_353,skill_105,34
job_353,skill_108,32
job_353,skill_103,34
job_353,skill_40,44
job_353,skill_64,47
job_353,skill_74,76
job_353,skill_92,45
job_354,skill_111,53
job_354,skill_67,79
job_354,skill_90,36
job_354,skill_105,54
job_354,skill_84,70
job_354,skill_108,57
job_354,skill_99,63
job_355,skill_122,71
job_355,skill_49,46
job_355,skill_96,56
job_355,skill_80,38
job_355,skill_4,63
job_356,skill_89,58
job_356,skill_90,67
job_356,skill_113,61
job_356,skill_9,53
job_356,skill_110,57
job_356,skill_80,63
job_356,skill_105,65
job_356,skill_12,57
job_356,skill_64,62
job_356,skill_117,40
job_356,skill_96,41
job_356,skill_122,53
job_356,skill_59,39
job_357,skill_72,35
job_357,skill_75,70
job_357,skill_85,53
job_357,skill_67,40
job_357,skill_99,64
job_357,skill_51,48
job_357,skill_44,44
job_357,skill_71,67
job_358,skill_135,64
job_358,skill_43,77
job_358,skill_145,41
job_358,skill_47,63
job_358,skill_112,58
job_358,skill_2,52
job_358,skill_88,77
job_358,skill_104,78
job_358,skill_62,67
job_360,skill_79,32
job_360,skill_100,39
job_360,skill_9,58
job_360,skill_37,44
job_360,skill_5,67
job_360,skill_116,44
job_361,skill_125,78
job_361,skill_92,49
job_361,skill_45,45
job_361,skill_34,51
job_361,skill_118,57
job_361,skill_68,66
job_361,skill_26,74
job_361,skill_28,39
job_361,skill_104,33
job_361,skill_55,71
job_362,skill_14,64
job_362,skill_104,74
job_362,skill_127,66
job_362,skill_46,55
job_362,skill_30,45
job_362,skill_108,39
job_362,skill_6,60
job_362,skill_4,71
job_362,skill_142,40
job_362,skill_130,39
job_362,skill_109,42
job_362,skill_76,79
job_362,skill_126,71
job_362,skill_51,36
job_363,skill_99,72
job_363,skill_77,51
job_363,skill_127,77
job_363,skill_104,39
job_363,skill_117,68
job_363,skill_10,62
job_363,skill_100,30
job_363,skill_136,80
job_363,skill_33,67
job_363,skill_26,36
job_364,skill_49,44
job_364,skill_72,75
job_364,skill_69,44
job_364,skill_145,37
job_364,skill_54,51
job_364,skill_65,75
job_364,skill_40,63
job_365,skill_146,76
job_365,skill_50,58
job_365,skill_17,53
job_365,skill_138,53
job_365,skill_9,36
job_365,skill_80,71
job_366,skill_5,31
job_366,skill_43,65
job_366,skill_4,40
job_366,skill_0,69
job_366,skill_133,45
job_366,skill_109,59
job_366,skill_46,74
job_366,skill_58,53
job_366,skill_75,78
job_366,skill_24,70
job_366,skill_105,60
job_367,skill_39,45
job_367,skill_76,72
job_367,skill_142,36
job_367,skill_50,61
job_367,skill_97,65
job_368,skill_48,70
job_368,skill_49,45
job_368,skill_56,46
job_368,skill_115,36
job_368,skill_4,65
job_368,skill_45,37
job_368,skill_34,48
job_368,skill_71,65
job_368,skill_124,54
job_368,skill_101,36
job_368,skill_121,79
job_368,skill_95,49
job_368,skill_86,51
job_368,skill_137,79
job_369,skill_39,43
job_369,skill_27,32
job_369,skill_75,48
job_369,skill_0,48
job_369,skill_123,68
job_369,skill_26,41
job_369,skill_112,69
job_369,skill_105,39
job_369,skill_14,61
job_369,skill_47,51
job_369,skill_37,37
job_369,skill_43,58
job_369,skill_117,42
job_369,skill_94,45
job_369,skill_8,56
job_370,skill_119,55
job_370,skill_20,75
job_370,skill_110,44
job_370,skill_60,63
job_370,skill_131,50
job_370,skill_25,68
job_370,skill_99,35
job_370,skill_68,56
job_370,skill_14,60
job_370,skill_65,36
job_370,skill_146,43
job_370,skill_47,67
job_371,skill_28,48
job_371,skill_140,53
job_371,skill_105,72
job_371,skill_61,72
job_371,skill_113,57
job_371,skill_76,60
job_371,skill_43,33
job_371,skill_26,71
job_371,skill_3,55
job_371,skill_123,31
job_371,skill_147,34
job_371,skill_121,64
job_371,skill_93,54
job_371,skill_103,50
job_371,skill_53,68
job_372,skill_56,58
job_372,skill_94,43
job_372,skill_118,47
job_372,skill_37,31
job_372,skill_30,71
job_372,skill_82,69
job_372,skill_107,48
job_372,skill_17,34
job_372,skill_131,36
job_372,skill_147,54
job_372,skill_24,70
job_372,skill_123,68
job_372,skill_134,59
job_372,skill_110,72
job_372,skill_137,46
job_373,skill_48,58
job_373,skill_90,78
job_373,skill_96,56
job_373,skill_114,63
job_373,skill_66,30
job_373,skill_92,57
job_373,skill_111,50
job_373,skill_79,49
job_373,skill_107,43
job_373,skill_147,79
job_373,skill_47,49
job_374,skill_96,64
job_374,skill_111,48
job_374,skill_19,30
job_374,skill_134,49
job_374,skill_112,35
job_374,skill_41,53
job_374,skill_77,80
job_374,skill_133,72
job_374,skill_34,71
job_374,skill_108,38
job_374,skill_44,64
job_374,skill_68,38
job_374,skill_107,60
job_375,skill_98,61
job_375,skill_82,46
job_375,skill_115,74
job_375,skill_37,47
job_375,skill_14,48
job_376,skill_69,42
job_376,skill_106,75
job_376,skill_56,78
job_376,skill_121,69
job_376,skill_29,33
job_376,skill_4,36
job_376,skill_137,54
job_376,skill_26,43
job_376,skill_39,61
job_377,skill_12,35
job_377,skill_60,66
job_377,skill_132,45
job_377,skill_45,31
job_377,skill_25,53
job_377,skill_0,38
job_377,skill_116,46
job_377,skill_141,48
job_377,skill_11,35
job_377,skill_104,53
job_377,skill_147,47
job_377,skill_3,74
job_377,skill_65,59
job_377,skill_30,79
job_378,skill_115,42
job_378,skill_76,35
job_378,skill_40,62
job_378,skill_95,34
job_378,skill_7,57
job_378,skill_55,79
job_378,skill_68,58
job_378,skill_50,36
job_378,skill_82,38
job_378,skill_3,48
job_379,skill_12,71
job_379,skill_103,51
job_379,skill_107,50
job_379,skill_110,38
job_379,skill_115,37
job_379,skill_118,34
job_379,skill_123,67
job_379,skill_82,45
job_379,skill_88,46
job_379,skill_147,62
job_380,skill_7,50
job_380,skill_100,60
job_380,skill_125,60
job_380,skill_115,69
job_380,skill_56,61
job_380,skill_25,55
job_381,skill_79,62
job_381,skill_113,64
job_381,skill_124,35
job_381,skill_109,30
job_381,skill_88,57
job_381,skill_33,71
job_381,skill_3,31
job_381,skill_5,45
job_381,skill_19,43
job_381,skill_104,36
job_381,skill_101,45
job_381,skill_96,45
job_381,skill_95,46
job_381,skill_4,33
job_382,skill_148,44
job_382,skill_68,35
job_382,skill_50,64
job_382,skill_61,44
job_382,skill_117,43
job_382,skill_98,56
job_382,skill_67,80
job_383,skill_141,57
job_383,skill_63,47
job_383,skill_41,77
job_383,skill_133,33
job_383,skill_86,68
job_383,skill_135,53
job_383,skill_79,33
job_383,skill_71,33
job_383,skill_67,48
job_383,skill_93,78
job_384,skill_13,50
job_384,skill_91,39
job_384,skill_31,78
job_384,skill_32,73
job_384,skill_145,56
job_385,skill_13,64
job_385,skill_93,33
job_385,skill_124,40
job_385,skill_90,54
job_385,skill_143,45
job_385,skill_119,63
job_386,skill_95,45
job_386,skill_40,70
job_386,skill_141,74
job_386,skill_96,65
job_386,skill_140,49
job_386,skill_71,51
job_387,skill_147,57
job_387,skill_31,45
job_387,skill_49,44
job_387,skill_60,34
job_387,skill_136,69
job_387,skill_1,41
job_387,skill_42,67
job_388,skill_39,51
job_388,skill_78,66
job_388,skill_72,46
job_388,skill_120,58
job_388,skill_20,43
job_388,skill_47,32
job_388,skill_107,33
job_388,skill_138,39
job_388,skill_36,76
job_389,skill_21,45
job_389,skill_40,69
job_389,skill_7,46
job_389,skill_5,37
job_389,skill_105,72
job_389,skill_114,67
job_389,skill_1,43
job_389,skill_149,41
job_389,skill_75,80
job_389,skill_90,30
job_389,skill_83,74
job_389,skill_10,58
job_389,skill_23,71
job_390,skill_94,70
job_390,skill_103,32
job_390,skill_113,63
job_390,skill_116,80
job_390,skill_75,60
job_390,skill_83,73
job_390,skill_56,76
job_391,skill_65,65
job_391,skill_122,76
job_391,skill_3,32
job_391,skill_106,58
job_391,skill_25,32
job_391,skill_69,69
job_391,skill_60,44
job_391,skill_57,51
job_391,skill_35,52
job_392,skill_44,74
job_392,skill_126,62
job_392,skill_82,74
job_392,skill_123,43
job_392,skill_144,80
job_393,skill_139,61
job_393,skill_78,73
job_393,skill_95,48
job_393,skill_129,60
job_393,skill_107,64
job_394,skill_144,62
job_394,skill_99,34
job_394,skill_120,40
job_394,skill_114,49
job_394,skill_85,53
job_394,skill_54,42
job_394,skill_94,72
job_394,skill_109,33
job_394,skill_56,63
job_394,skill_77,38
job_394,skill_28,55
job_394,skill_61,66
job_394,skill_126,36
job_394,skill_136,80
job_394,skill_18,44
job_395,skill_108,64
job_395,skill_111,65
job_395,skill_82,60
job_395,skill_35,48
job_395,skill_143,72
job_395,skill_2,73
job_395,skill_97,56
job_395,skill_46,54
job_395,skill_140,71
job_395,skill_6,75
job_395,skill_55,30
job_395,skill_0,39
job_395,skill_118,51
job_395,skill_57,66
job_396,skill_60,57
job_396,skill_130,63
job_396,skill_102,42
job_396,skill_25,48
job_396,skill_77,40
job_396,skill_127,76
job_396,skill_4,79
job_396,skill_81,44
job_396,skill_147,53
job_396,skill_118,45
job_396,skill_144,42
job_396,skill_56,65
job_396,skill_69,78
job_396,skill_135,55
job_397,skill_74,80
job_397,skill_29,72
job_397,skill_93,46
job_397,skill_99,70
job_397,skill_32,75
job_397,skill_0,75
job_397,skill_19,32
job_397,skill_139,50
job_398,skill_63,76
job_398,skill_97,46
job_398,skill_117,62
job_398,skill_30,43
job_398,skill_140,35
job_399,skill_100,44
job_399,skill_46,63
job_399,skill_103,74
job_399,skill_1,76
job_399,skill_142,49
job_399,skill_139,50
job_400,skill_68,35
job_400,skill_29,68
job_400,skill_8,31
job_400,skill_21,53
job_400,skill_98,46
job_400,skill_54,67
job_400,skill_12,49
job_400,skill_73,35
job_400,skill_58,65
job_400,skill_82,73
job_400,skill_93,50
job_400,skill_11,31
job_401,skill_124,47
job_401,skill_97,42
job_401,skill_65,72
job_401,skill_107,46
job_401,skill_134,66
job_401,skill_3,70
job_401,skill_90,78
job_402,skill_135,50
job_402,skill_130,68
job_402,skill_108,68
job_402,skill_141,54
job_402,skill_101,55
job_402,skill_11,56
job_402,skill_138,74
job_403,skill_40,57
job_403,skill_36,47
job_403,skill_122,54
job_403,skill_37,72
job_403,skill_77,56
job_403,skill_23,44
job_404,skill_74,35
job_404,skill_117,61
job_404,skill_30,57
job_404,skill_9,32
job_404,skill_44,52
job_404,skill_110,52
job_404,skill_48,47
job_405,skill_130,47
job_405,skill_111,52
job_405,skill_120,30
job_405,skill_0,57
job_405,skill_105,44
job_406,skill_74,32
job_406,skill_61,50
job_406,skill_6,75
job_406,skill_40,77
job_406,skill_19,44
job_406,skill_63,74
job_407,skill_133,35
job_407,skill_81,68
job_407,skill_112,33
job_407,skill_12,53
job_407,skill_26,58
job_407,skill_117,52
job_407,skill_39,68
job_408,skill_113,42
job_408,skill_0,57
job_408,skill_116,64
job_408,skill_69,60
job_408,skill_95,54
job_408,skill_20,35
job_408,skill_127,49
job_408,skill_35,33
job_408,skill_147,68
job_408,skill_140,64
job_408,skill_82,33
job_409,skill_148,79
job_409,skill_31,59
job_409,skill_88,31
job_409,skill_70,42
job_409,skill_141,47
job_409,skill_71,77
job_409,skill_82,62
job_409,skill_17,62
job_409,skill_55,78
job_409,skill_149,49
job_409,skill_102,30
job_409,skill_2,30
job_409,skill_19,51
job_409,skill_50,55
job_409,skill_133,38
job_410,skill_25,36
job_410,skill_116,77
job_410,skill_146,57
job_410,skill_91,45
job_410,skill_22,36
job_410,skill_35,30
job_410,skill_26,79
job_410,skill_9,77
job_410,skill_131,35
job_410,skill_134,62
job_410,skill_61,55
job_410,skill_119,74
job_410,skill_68,37
job_411,skill_85,46
job_411,skill_139,44
job_411,skill_35,43
job_411,skill_29,60
job_411,skill_146,47
job_411,skill_60,71
job_411,skill_18,48
job_412,skill_128,43
job_412,skill_51,61
job_412,skill_146,66
job_412,skill_99,33
job_412,skill_34,70
job_412,skill_111,57
job_412,skill_57,52
job_412,skill_79,60
job_412,skill_93,40
job_412,skill_28,71
job_412,skill_87,70
job_412,skill_139,62
job_412,skill_108,63
job_412,skill_66,65
job_413,skill_133,74
job_413,skill_136,62
job_413,skill_54,64
job_413,skill_38,37
job_413,skill_32,60
job_413,skill_72,52
job_413,skill_39,31
job_413,skill_131,76
job_413,skill_40,76
job_413,skill_13,39
job_413,skill_96,77
job_414,skill_33,77
job_414,skill_30,34
job_414,skill_111,39
job_414,skill_27,49
job_414,skill_126,47
job_414,skill_68,50
job_414,skill_113,45
job_414,skill_129,72
job_414,skill_69,54
job_414,skill_20,41
job_415,skill_6,54
job_415,skill_130,76
job_415,skill_108,33
job_415,skill_40,77
job_415,skill_148,43
job_415,skill_87,30
job_415,skill_62,76
job_415,skill_127,41
job_415,skill_3,62
job_415,skill_121,47
job_416,skill_25,35
job_416,skill_63,35
job_416,skill_77,65
job_416,skill_87,59
job_416,skill_120,70
job_416,skill_109,56
job_416,skill_78,41
job_416,skill_32,65
job_416,skill_147,57
job_416,skill_53,61
job_416,skill_82,55
job_416,skill_23,48
job_416,skill_21,51
job_417,skill_3,55
job_417,skill_137,46
job_417,skill_30,41
job_417,skill_28,39
job_417,skill_2,35
job_418,skill_121,70
job_418,skill_112,78
job_418,skill_29,74
job_418,skill_28,71
job_418,skill_71,39
job_418,skill_57,59
job_418,skill_143,52
job_418,skill_32,53
job_418,skill_100,64
job_419,skill_95,46
job_419,skill_81,35
job_419,skill_117,45
job_419,skill_122,40
job_419,skill_148,57
job_419,skill_90,62
job_419,skill_139,52
job_419,skill_141,79
job_419,skill_126,40
job_419,skill_10,33
job_419,skill_96,38
job_419,skill_11,56
job_419,skill_84,37
job_419,skill_4,72
job_420,skill_56,78
job_420,skill_71,57
job_420,skill_84,74
job_420,skill_135,42
job_420,skill_144,59
job_420,skill_120,37
job_420,skill_16,51
job_421,skill_143,47
job_421,skill_82,59
job_421,skill_16,40
job_421,skill_112,35
job_421,skill_62,77
job_421,skill_29,60
job_421,skill_0,65
job_421,skill_33,33
job_421,skill_101,37
job_421,skill_23,52
job_421,skill_34,60
job_421,skill_39,57
job_422,skill_116,67
job_422,skill_39,53
job_422,skill_145,65
job_422,skill_27,32
job_422,skill_146,63
job_422,skill_21,69
job_422,skill_41,76
job_422,skill_117,33
job_422,skill_130,40
job_422,skill_147,60
job_422,skill_43,55
job_422,skill_80,70
job_422,skill_142,58
job_422,skill_109,58
job_423,skill_96,80
job_423,skill_67,66
job_423,skill_60,62
job_423,skill_41,59
job_423,skill_101,72
job_423,skill_81,76
job_423,skill_122,64
job_423,skill_88,54
job_423,skill_109,55
job_424,skill_138,49
job_424,skill_105,30
job_424,skill_1,71
job_424,skill_94,40
job_424,skill_59,44
job_424,skill_125,49
job_424,skill_63,65
job_424,skill_111,32
job_424,skill_58,64
job_424,skill_43,34
job_424,skill_55,66
job_424,skill_65,42
job_425,skill_72,45
job_425,skill_46,60
job_425,skill_78,45
job_425,skill_69,30
job_425,skill_86,31
job_425,skill_58,73
job_426,skill_96,48
job_426,skill_31,72
job_426,skill_145,30
job_426,skill_7,67
job_426,skill_47,80
job_426,skill_4,47
job_426,skill_27,65
job_426,skill_52,72
job_426,skill_114,34
job_426,skill_34,80
job_426,skill_49,38
job_426,skill_133,62
job_427,skill_112,77
job_427,skill_34,76
job_427,skill_102,78
job_427,skill_11,32
job_427,skill_85,57
job_427,skill_5,73
job_427,skill_134,69
job_427,skill_79,76
job_427,skill_3,80
job_428,skill_141,75
job_428,skill_132,56
job_428,skill_147,65
job_428,skill_29,36
job_428,skill_52,32
job_428,skill_20,67
job_429,skill_28,66
job_429,skill_56,54
job_429,skill_79,31
job_429,skill_106,61
job_429,skill_45,72
job_429,skill_138,42
job_430,skill_17,34
job_430,skill_29,35
job_430,skill_90,68
job_430,skill_18,44
job_430,skill_147,33
job_430,skill_20,43
job_430,skill_7,73
job_430,skill_145,56
job_430,skill_128,52
job_430,skill_108,55
job_431,skill_82,40
job_431,skill_17,60
job_431,skill_149,41
job_431,skill_29,78
job_431,skill_92,65
job_431,skill_3,51
job_431,skill_2,79
job_431,skill_127,35
job_431,skill_148,47
job_431,skill_54,56
job_431,skill_141,47
job_431,skill_58,56
job_431,skill_49,47
job_431,skill_72,43
job_432,skill_132,33
job_432,skill_24,68
job_432,skill_94,77
job_432,skill_106,67
job_432,skill_119,38
job_432,skill_29,43
job_433,skill_52,71
job_433,skill_65,66
job_433,skill_116,35
job_433,skill_68,71
job_433,skill_67,48
job_433,skill_61,37
job_433,skill_98,66
job_433,skill_121,70
job_433,skill_93,41
job_433,skill_122,47
job_433,skill_147,42
job_433,skill_75,36
job_434,skill_45,56
job_434,skill_120,78
job_434,skill_40,41
job_434,skill_24,46
job_434,skill_111,75
job_434,skill_121,62
job_434,skill_78,34
job_434,skill_4,73
job_435,skill_96,43
job_435,skill_127,37
job_435,skill_13,58
job_435,skill_116,63
job_435,skill_42,72
job_435,skill_132,68
job_435,skill_23,80
job_435,skill_135,37
job_435,skill_8,49
job_435,skill_46,65
job_435,skill_146,62
job_435,skill_100,40
job_436,skill_61,79
job_436,skill_101,73
job_436,skill_73,32
job_436,skill_26,57
job_436,skill_79,31
job_436,skill_107,75
job_436,skill_36,48
job_436,skill_146,63
job_436,skill_59,30
job_436,skill_131,64
job_436,skill_149,48
job_436,skill_35,63
job_436,skill_84,38
job_436,skill_93,45
job_437,skill_117,70
job_437,skill_19,38
job_437,skill_32,75
job_437,skill_88,73
job_437,skill_96,73
job_437,skill_57,65
job_438,skill_144,39
job_438,skill_83,63
job_438,skill_55,64
job_438,skill_45,51
job_438,skill_41,75
job_438,skill_99,74
job_438,skill_132,69
job_438,skill_110,30
job_438,skill_79,68
job_438,skill_133,47
job_438,skill_34,69
job_438,skill_43,57
job_438,skill_136,42
job_439,skill_106,39
job_439,skill_3,52
job_439,skill_132,40
job_439,skill_143,57
job_439,skill_16,55
job_439,skill_75,77
job_439,skill_52,74
job_439,skill_129,41
job_439,skill_1,59
job_439,skill_110,32
job_439,skill_128,57
job_440,skill_49,71
job_440,skill_82,35
job_440,skill_121,52
job_440,skill_116,73
job_440,skill_134,67
job_440,skill_63,40
job_440,skill_123,73
job_440,skill_48,31
job_440,skill_126,69
job_440,skill_142,60
job_441,skill_102,43
job_441,skill_35,35
job_441,skill_10,44
job_441,skill_58,73
job_441,skill_94,70
job_441,skill_14,79
job_441,skill_59,52
job_441,skill_121,79
job_441,skill_73,54
job_441,skill_16,46
job_441,skill_117,35
job_441,skill_2,57
job_441,skill_15,59
job_442,skill_89,79
job_442,skill_4,78
job_442,skill_37,80
job_442,skill_45,46
job_442,skill_73,35
job_442,skill_118,63
job_442,skill_114,77
job_442,skill_55,47
job_442,skill_127,39
job_443,skill_53,69
job_443,skill_87,77
job_443,skill_11,62
job_443,skill_62,45
job_443,skill_92,55
job_444,skill_65,67
job_444,skill_94,79
job_444,skill_117,60
job_444,skill_97,51
job_444,skill_144,46
job_444,skill_111,39
job_444,skill_68,49
job_444,skill_95,61
job_444,skill_42,38
job_444,skill_149,76
job_444,skill_41,70
job_444,skill_22,66
job_444,skill_123,66
job_444,skill_14,68
job_445,skill_11,66
job_445,skill_118,65
job_445,skill_88,37
job_445,skill_99,51
job_445,skill_22,47
job_445,skill_44,73
job_446,skill_89,74
job_446,skill_95,73
job_446,skill_93,76
job_446,skill_82,80
job_446,skill_81,70
job_446,skill_126,35
job_446,skill_43,77
job_446,skill_37,49
job_446,skill_90,31
job_448,skill_6,44
job_448,skill_128,58
job_448,skill_121,62
job_448,skill_118,39
job_448,skill_57,58
job_448,skill_119,73
job_448,skill_73,55
job_448,skill_125,48
job_448,skill_105,78
job_448,skill_115,39
job_449,skill_19,78
job_449,skill_54,64
job_449,skill_36,46
job_449,skill_80,49
job_449,skill_115,38
job_449,skill_135,59
job_450,skill_123,60
job_450,skill_46,59
job_450,skill_134,57
job_450,skill_88,49
job_450,skill_144,78
job_452,skill_60,52
job_452,skill_10,48
job_452,skill_29,41
job_452,skill_68,62
job_452,skill_42,46
job_452,skill_43,49
job_453,skill_106,55
job_453,skill_92,37
job_453,skill_8,58
job_453,skill_95,63
job_453,skill_61,59
job_453,skill_15,53
job_453,skill_85,76
job_453,skill_71,54
job_453,skill_3,41
job_453,skill_28,36
job_453,skill_131,57
job_453,skill_97,36
job_454,skill_83,71
job_454,skill_81,30
job_454,skill_42,32
job_454,skill_123,45
job_454,skill_32,35
job_454,skill_0,58
job_454,skill_114,75
job_454,skill_70,67
job_454,skill_46,35
job_454,skill_85,50
job_455,skill_34,80
job_455,skill_107,70
job_455,skill_27,77
job_455,skill_13,35
job_455,skill_142,62
job_455,skill_17,64
job_455,skill_42,37
job_455,skill_77,65
job_455,skill_29,41
job_456,skill_28,58
job_456,skill_19,32
job_456,skill_143,56
job_456,skill_24,54
job_456,skill_98,36
job_456,skill_37,68
job_456,skill_115,40
job_456,skill_67,55
job_456,skill_26,33
job_456,skill_119,77
job_456,skill_133,61
job_456,skill_135,44
job_457,skill_100,80
job_457,skill_31,53
job_457,skill_94,38
job_457,skill_137,70
job_457,skill_9,58
job_457,skill_141,51
job_457,skill_20,65
job_457,skill_128,52
job_457,skill_61,35
job_457,skill_83,55
job_458,skill_100,62
job_458,skill_7,49
job_458,skill_108,77
job_458,skill_37,32
job_458,skill_75,41
job_458,skill_3,56
job_458,skill_33,53
job_458,skill_125,74
job_458,skill_91,43
job_458,skill_95,67
job_458,skill_36,57
job_458,skill_2,53
job_458,skill_73,37
job_458,skill_149,76
job_458,skill_50,36
job_459,skill_145,39
job_459,skill_13,60
job_459,skill_131,62
job_459,skill_74,78
job_459,skill_35,43
job_459,skill_67,74
job_459,skill_78,58
job_459,skill_95,34
job_459,skill_136,66
job_459,skill_72,46
job_460,skill_139,63
job_460,skill_146,59
job_460,skill_62,67
job_460,skill_14,54
job_460,skill_93,49
job_460,skill_38,71
job_460,skill_32,42
job_461,skill_7,69
job_461,skill_128,65
job_461,skill_120,51
job_461,skill_116,42
job_461,skill_65,47
job_461,skill_46,67
job_461,skill_58,58
job_461,skill_75,53
job_462,skill_48,60
job_462,skill_6,54
job_462,skill_32,72
job_462,skill_142,79
job_462,skill_144,49
job_462,skill_71,62
job_462,skill_37,62
job_462,skill_38,66
job_463,skill_8,71
job_463,skill_10,58
job_463,skill_21,73
job_463,skill_77,43
job_463,skill_114,55
job_463,skill_33,73
job_463,skill_64,51
job_463,skill_58,48
job_463,skill_2,41
job_463,skill_15,77
job_463,skill_71,51
job_463,skill_120,36
job_463,skill_13,73
job_464,skill_38,54
job_464,skill_64,69
job_464,skill_129,74
job_464,skill_4,47
job_464,skill_90,69
job_465,skill_50,55
job_465,skill_98,43
job_465,skill_18,36
job_465,skill_89,34
job_465,skill_123,80
job_465,skill_91,31
job_465,skill_92,65
job_465,skill_87,40
job_465,skill_138,76
job_465,skill_22,34
job_465,skill_75,43
job_465,skill_62,71
job_465,skill_47,49
job_465,skill_15,71
job_466,skill_35,68
job_466,skill_101,32
job_466,skill_115,53
job_466,skill_24,46
job_466,skill_108,39
job_466,skill_61,44
job_466,skill_28,42
job_466,skill_34,62
job_466,skill_39,48
job_466,skill_144,74
job_467,skill_25,32
job_467,skill_108,75
job_467,skill_106,68
job_467,skill_6,66
job_467,skill_111,34
job_467,skill_146,40
job_468,skill_11,54
job_468,skill_118,35
job_468,skill_60,33
job_468,skill_61,72
job_468,skill_140,46
job_468,skill_18,64
job_468,skill_90,58
job_468,skill_66,66
job_468,skill_137,60
job_468,skill_136,60
job_468,skill_56,40
job_468,skill_33,32
job_469,skill_76,65
job_469,skill_10,41
job_469,skill_36,35
job_469,skill_35,45
job_469,skill_46,48
job_469,skill_71,49
job_469,skill_13,77
job_469,skill_125,71
job_469,skill_59,80
job_469,skill_58,79
job_469,skill_82,63
job_470,skill_25,48
job_470,skill_79,63
job_470,skill_93,35
job_470,skill_60,63
job_470,skill_131,42
job_470,skill_0,65
job_470,skill_34,70
job_470,skill_100,76
job_470,skill_141,55
job_470,skill_31,45
job_471,skill_111,41
job_471,skill_18,38
job_471,skill_9,48
job_471,skill_146,56
job_471,skill_45,49
job_471,skill_133,72
job_471,skill_127,46
job_471,skill_35,52
job_471,skill_82,41
job_471,skill_131,73
job_471,skill_12,44
job_471,skill_47,30
job_471,skill_99,44
job_471,skill_88,62
job_472,skill_87,42
job_472,skill_100,55
job_472,skill_13,50
job_472,skill_91,68
job_472,skill_55,40
job_472,skill_143,59
job_472,skill_60,40
job_472,skill_144,55
job_473,skill_5,51
job_473,skill_63,74
job_473,skill_77,59
job_473,skill_67,47
job_473,skill_98,61
job_473,skill_148,56
job_473,skill_50,41
job_473,skill_105,67
job_473,skill_139,62
job_473,skill_72,32
job_473,skill_85,54
job_473,skill_102,76
job_473,skill_57,39
job_474,skill_77,64
job_474,skill_125,68
job_474,skill_144,68
job_474,skill_97,71
job_474,skill_14,43
job_474,skill_133,54
job_474,skill_84,71
job_474,skill_12,36
job_474,skill_0,64
job_474,skill_75,72
job_475,skill_65,61
job_475,skill_43,72
job_475,skill_90,37
job_475,skill_60,36
job_475,skill_2,42
job_475,skill_79,35
job_475,skill_127,38
job_475,skill_42,48
job_476,skill_104,65
job_476,skill_137,37
job_476,skill_86,72
job_476,skill_24,46
job_476,skill_146,76
job_476,skill_32,44
job_477,skill_39,61
job_477,skill_111,31
job_477,skill_61,53
job_477,skill_139,58
job_477,skill_127,75
job_477,skill_121,75
job_477,skill_50,56
job_477,skill_82,34
job_477,skill_96,72
job_477,skill_97,60
job_477,skill_112,46
job_477,skill_143,55
job_479,skill_85,58
job_479,skill_130,47
job_479,skill_35,49
job_479,skill_83,53
job_479,skill_8,31
job_479,skill_26,76
job_479,skill_120,77
job_479,skill_103,72
job_479,skill_87,46
job_479,skill_78,40
job_479,skill_132,67
job_479,skill_27,43
job_480,skill_145,70
job_480,skill_0,67
job_480,skill_46,51
job_480,skill_31,75
job_480,skill_64,80
job_480,skill_96,32
job_480,skill_120,50
job_480,skill_26,79
job_481,skill_12,44
job_481,skill_35,38
job_481,skill_13,75
job_481,skill_10,47
job_481,skill_23,79
job_481,skill_17,47
job_481,skill_147,33
job_481,skill_111,73
job_481,skill_120,65
job_481,skill_75,50
job_481,skill_83,70
job_481,skill_141,50
job_481,skill_45,36
job_482,skill_14,65
job_482,skill_18,71
job_482,skill_127,68
job_482,skill_16,45
job_482,skill_5,33
job_482,skill_2,31
job_482,skill_90,31
job_482,skill_100,45
job_482,skill_119,41
job_482,skill_10,79
job_482,skill_141,80
job_482,skill_67,32
job_482,skill_138,38
job_483,skill_109,55
job_483,skill_111,68
job_483,skill_103,40
job_483,skill_22,47
job_483,skill_58,77
job_483,skill_143,79
job_483,skill_87,36
job_483,skill_30,64
job_483,skill_15,52
job_483,skill_79,50
job_483,skill_76,48
job_483,skill_60,56
job_483,skill_3,57
job_484,skill_72,42
job_484,skill_11,36
job_484,skill_7,57
job_484,skill_107,54
job_484,skill_141,79
job_485,skill_131,40
job_485,skill_102,47
job_485,skill_87,46
job_485,skill_73,48
job_485,skill_20,43
job_485,skill_66,62
job_485,skill_112,64
job_485,skill_3,67
job_485,skill_54,76
job_486,skill_129,37
job_486,skill_29,80
job_486,skill_127,41
job_486,skill_114,77
job_486,skill_71,46
job_486,skill_124,64
job_486,skill_52,70
job_486,skill_65,76
job_486,skill_51,65
job_486,skill_126,64
job_486,skill_61,36
job_486,skill_33,44
job_487,skill_114,33
job_487,skill_149,55
job_487,skill_134,69
job_487,skill_21,43
job_487,skill_118,52
job_487,skill_99,67
job_487,skill_53,75
job_487,skill_90,48
job_487,skill_137,65
job_488,skill_3,57
job_488,skill_93,73
job_488,skill_83,53
job_488,skill_126,70
job_488,skill_66,35
job_489,skill_35,49
job_489,skill_25,38
job_489,skill_135,41
job_489,skill_61,65
job_489,skill_58,37
job_489,skill_98,78
job_489,skill_46,34
job_489,skill_76,34
job_489,skill_102,35
job_489,skill_49,71
job_489,skill_124,68
job_489,skill_85,35
job_489,skill_53,43
job_489,skill_123,71
job_490,skill_71,56
job_490,skill_111,47
job_490,skill_68,43
job_490,skill_130,80
job_490,skill_46,30
job_490,skill_149,73
job_490,skill_102,53
job_490,skill_6,38
job_491,skill_62,58
job_491,skill_85,68
job_491,skill_126,76
job_491,skill_97,66
job_491,skill_17,68
job_491,skill_101,44
job_492,skill_102,67
job_492,skill_24,42
job_492,skill_115,68
job_492,skill_22,32
job_492,skill_96,55
job_492,skill_79,63
job_492,skill_98,62
job_492,skill_137,56
job_492,skill_7,67
job_492,skill_146,57
job_492,skill_25,44
job_492,skill_128,30
job_492,skill_66,31
job_492,skill_62,56
job_492,skill_32,41
job_493,skill_143,31
job_493,skill_51,42
job_493,skill_67,79
job_493,skill_140,58
job_493,skill_127,45
job_493,skill_79,71
job_493,skill_87,51
job_493,skill_0,70
job_493,skill_83,57
job_493,skill_107,57
job_493,skill_59,75
job_493,skill_91,39
job_494,skill_125,44
job_494,skill_31,59
job_494,skill_43,60
job_494,skill_40,35
job_494,skill_24,39
job_494,skill_20,71
job_495,skill_55,32
job_495,skill_64,42
job_495,skill_54,69
job_495,skill_88,66
job_495,skill_106,56
job_495,skill_25,30
job_495,skill_127,62
job_495,skill_19,36
job_495,skill_33,68
job_495,skill_90,42
job_495,skill_79,78
job_495,skill_140,68
job_495,skill_120,52
job_496,skill_80,63
job_496,skill_140,64
job_496,skill_56,30
job_496,skill_125,64
job_496,skill_79,48
job_496,skill_123,32
job_496,skill_42,79
job_496,skill_103,62
job_496,skill_0,54
job_496,skill_90,33
job_496,skill_144,78
job_496,skill_149,36
job_497,skill_40,66
job_497,skill_70,42
job_497,skill_34,78
job_497,skill_104,46
job_497,skill_117,77
job_497,skill_45,41
job_497,skill_49,31
job_497,skill_50,62
job_497,skill_112,52
job_497,skill_84,42
job_497,skill_21,63
job_497,skill_15,51
job_497,skill_46,60
job_498,skill_132,70
job_498,skill_52,33
job_498,skill_140,43
job_498,skill_127,57
job_498,skill_34,69
job_499,skill_43,49
job_499,skill_74,70
job_499,skill_114,75
job_499,skill_122,76
job_499,skill_149,66
job_499,skill_101,35
job_499,skill_143,63
job_499,skill_12,78
job_499,skill_148,50
job_499,skill_78,40
job_499,skill_145,68
job_499,skill_45,56
job_499,skill_127,35
job_499,skill_1,58
