student_id,college_id,job_id,match_score,skill_overlap_count,skill_gap_count,years_exposure_avg,jd_seniority_level,verified_skill_count,ai_trust_score
student_A_0,college_A,job_7,0.949,6,2,2.5,2,7,0.892
student_A_0,college_A,job_1,0.616,4,5,3.4,5,7,0.701
student_A_0,college_A,job_47,0.914,7,1,1.2,5,8,0.848
student_A_0,college_A,job_17,0.559,4,6,3.8,4,5,0.97
student_A_0,college_A,job_15,0.639,5,3,4.3,2,5,0.71
student_A_0,college_A,job_14,0.678,4,6,1.7,4,6,0.823
student_A_0,college_A,job_8,0.672,5,3,2.7,5,8,0.852
student_A_0,college_A,job_6,0.673,4,7,1.6,5,4,0.771
student_A_0,college_A,job_34,0.88,7,3,2.8,5,8,0.716
student_A_0,college_A,job_5,0.799,5,4,3.1,1,7,0.665
student_A_0,college_A,job_37,0.622,3,5,3.4,1,6,0.671
student_A_0,college_A,job_27,0.956,7,3,4.8,3,8,0.917
student_A_0,college_A,job_2,0.591,4,5,2.2,3,6,0.876
student_A_0,college_A,job_48,0.601,5,4,2.8,1,6,0.813
student_A_0,college_A,job_40,0.932,7,4,1.1,2,9,0.735
student_A_1,college_A,job_44,0.681,6,5,3.7,2,9,0.822
student_A_1,college_A,job_35,0.628,4,6,3.2,4,5,0.97
student_A_1,college_A,job_14,0.945,8,2,4.1,2,11,0.945
student_A_1,college_A,job_43,0.937,7,3,3.4,5,8,0.679
student_A_1,college_A,job_20,0.569,5,6,1.8,2,5,0.757
student_A_1,college_A,job_3,0.664,4,5,2.6,1,5,0.923
student_A_1,college_A,job_47,0.668,6,2,2.4,4,9,0.829
student_A_1,college_A,job_2,0.887,8,3,1.6,4,10,0.675
student_A_1,college_A,job_45,0.874,5,3,4.9,5,7,0.716
student_A_1,college_A,job_25,0.892,6,4,1.0,3,9,0.883
student_A_1,college_A,job_17,0.874,6,2,3.9,2,8,0.674
student_A_1,college_A,job_4,0.599,3,5,2.4,5,5,0.935
student_A_1,college_A,job_13,0.689,6,3,3.5,5,7,0.671
student_A_1,college_A,job_36,0.687,4,4,2.2,3,6,0.891
student_A_1,college_A,job_41,0.923,6,2,3.6,4,8,0.806
student_A_2,college_A,job_15,0.85,5,5,1.5,5,8,0.901
student_A_2,college_A,job_3,0.874,7,2,3.2,2,9,0.813
student_A_2,college_A,job_49,0.73,6,4,3.1,4,9,0.658
student_A_2,college_A,job_36,0.563,4,4,1.4,5,5,0.86
student_A_2,college_A,job_5,0.764,5,5,2.3,2,5,0.949
student_A_2,college_A,job_45,0.722,6,3,2.0,5,7,0.899
student_A_2,college_A,job_31,0.582,3,5,1.9,1,4,0.746
student_A_2,college_A,job_4,0.94,6,4,1.6,1,6,0.917
student_A_2,college_A,job_34,0.916,6,4,3.5,5,9,0.915
student_A_2,college_A,job_8,0.925,8,1,1.7,2,11,0.828
student_A_2,college_A,job_40,0.926,7,4,4.2,2,8,0.755
student_A_2,college_A,job_30,0.646,4,7,1.4,1,6,0.791
student_A_3,college_A,job_26,0.912,6,5,4.3,2,7,0.652
student_A_3,college_A,job_29,0.725,4,6,3.0,4,7,0.723
student_A_3,college_A,job_46,0.692,4,7,1.5,2,4,0.961
student_A_3,college_A,job_3,0.768,7,1,2.3,1,7,0.882
student_A_3,college_A,job_43,0.958,6,5,2.5,2,9,0.968
student_A_3,college_A,job_41,0.759,5,6,2.0,4,5,0.749
student_A_3,college_A,job_44,0.565,4,4,2.1,2,7,0.851
student_A_3,college_A,job_6,0.572,4,6,3.0,3,7,0.742
student_A_3,college_A,job_47,0.651,6,5,4.6,5,7,0.698
student_A_3,college_A,job_25,0.964,7,2,3.0,2,7,0.73
student_A_3,college_A,job_21,0.87,7,1,3.7,5,9,0.728
student_A_3,college_A,job_42,0.704,4,7,3.9,1,5,0.859
student_A_3,college_A,job_15,0.775,7,1,3.5,1,8,0.68
student_A_4,college_A,job_38,0.685,6,2,4.3,1,9,0.712
student_A_4,college_A,job_4,0.798,7,3,1.2,5,9,0.874
student_A_4,college_A,job_43,0.765,7,3,1.1,2,8,0.725
student_A_4,college_A,job_15,0.623,4,5,3.6,3,6,0.878
student_A_4,college_A,job_25,0.943,7,1,2.5,4,7,0.695
student_A_4,college_A,job_7,0.598,5,3,2.4,4,5,0.955
student_A_4,college_A,job_36,0.658,4,6,4.5,5,5,0.868
student_A_4,college_A,job_46,0.783,5,4,4.3,3,7,0.825
student_A_4,college_A,job_37,0.589,3,8,2.0,3,5,0.946
student_A_4,college_A,job_49,0.816,7,1,4.6,5,9,0.762
student_A_5,college_A,job_6,0.855,6,2,2.4,4,6,0.946
student_A_5,college_A,job_8,0.878,7,1,4.5,4,7,0.862
student_A_5,college_A,job_16,0.618,3,7,1.3,3,4,0.947
student_A_5,college_A,job_7,0.554,5,6,3.4,4,5,0.683
student_A_5,college_A,job_49,0.552,3,6,3.7,1,3,0.703
student_A_5,college_A,job_35,0.841,7,2,3.2,3,10,0.865
student_A_5,college_A,job_9,0.849,5,5,1.9,2,7,0.728
student_A_5,college_A,job_17,0.864,6,3,2.3,1,7,0.864
student_A_5,college_A,job_18,0.826,6,5,4.4,1,7,0.838
student_A_5,college_A,job_38,0.704,4,5,1.4,2,7,0.738
student_A_5,college_A,job_13,0.959,6,4,2.0,1,9,0.78
student_A_5,college_A,job_21,0.815,6,3,4.6,2,6,0.912
student_A_5,college_A,job_39,0.792,5,6,3.0,4,6,0.813
student_A_5,college_A,job_47,0.853,6,4,1.8,2,8,0.743
student_A_5,college_A,job_32,0.821,5,3,1.1,2,6,0.708
student_A_6,college_A,job_21,0.951,8,2,4.8,2,8,0.952
student_A_6,college_A,job_17,0.556,5,6,2.5,1,7,0.956
student_A_6,college_A,job_4,0.956,7,1,2.7,3,10,0.968
student_A_6,college_A,job_48,0.674,4,6,4.4,5,4,0.777
student_A_6,college_A,job_22,0.683,4,5,4.4,4,6,0.706
student_A_6,college_A,job_41,0.943,6,4,3.2,4,8,0.88
student_A_6,college_A,job_32,0.591,5,5,3.3,1,7,0.853
student_A_6,college_A,job_25,0.609,4,7,5.0,4,6,0.821
student_A_6,college_A,job_34,0.861,5,4,4.5,5,8,0.88
student_A_6,college_A,job_49,0.701,6,3,3.8,4,8,0.747
student_A_6,college_A,job_1,0.89,8,0,4.2,4,10,0.936
student_A_6,college_A,job_7,0.765,5,6,4.7,3,7,0.816
student_A_6,college_A,job_16,0.823,6,5,4.2,4,7,0.882
student_A_7,college_A,job_30,0.924,6,3,4.2,2,6,0.762
student_A_7,college_A,job_47,0.589,3,8,2.5,1,3,0.841
student_A_7,college_A,job_10,0.746,5,4,1.1,4,8,0.829
student_A_7,college_A,job_42,0.798,6,3,2.1,4,7,0.66
student_A_7,college_A,job_5,0.895,6,5,1.1,1,7,0.769
student_A_7,college_A,job_18,0.769,7,4,1.5,2,7,0.904
student_A_7,college_A,job_32,0.812,5,3,1.9,5,8,0.678
student_A_7,college_A,job_46,0.773,6,4,1.2,2,9,0.828
student_A_7,college_A,job_40,0.855,7,4,3.5,5,10,0.972
student_A_7,college_A,job_39,0.686,6,5,3.1,2,9,0.912
student_A_7,college_A,job_21,0.734,4,6,2.1,3,7,0.676
student_A_7,college_A,job_45,0.954,7,4,1.1,2,7,0.926
student_A_7,college_A,job_15,0.722,4,6,3.8,3,6,0.707
student_A_7,college_A,job_19,0.655,6,2,1.6,3,7,0.831
student_A_8,college_A,job_14,0.827,6,2,3.9,4,7,0.742
student_A_8,college_A,job_24,0.86,6,2,4.8,4,9,0.833
student_A_8,college_A,job_44,0.726,4,6,3.4,4,6,0.732
student_A_8,college_A,job_9,0.868,6,3,2.4,4,9,0.655
student_A_8,college_A,job_45,0.569,4,7,1.5,2,7,0.663
student_A_8,college_A,job_13,0.846,6,4,4.4,1,9,0.806
student_A_8,college_A,job_4,0.756,6,3,1.4,2,6,0.806
student_A_8,college_A,job_26,0.732,6,2,1.7,4,6,0.782
student_A_8,college_A,job_42,0.817,5,6,3.5,4,6,0.665
student_A_8,college_A,job_21,0.813,6,5,2.5,1,8,0.816
student_A_8,college_A,job_34,0.827,6,4,4.4,2,8,0.704
student_A_9,college_A,job_17,0.82,5,4,1.3,1,5,0.659
student_A_9,college_A,job_48,0.945,6,3,3.3,5,7,0.84
student_A_9,college_A,job_26,0.82,7,1,2.6,4,8,0.801
student_A_9,college_A,job_16,0.945,8,2,3.2,4,10,0.777
student_A_9,college_A,job_5,0.93,8,0,4.8,2,9,0.715
student_A_9,college_A,job_30,0.592,3,5,1.3,3,5,0.656
student_A_9,college_A,job_1,0.837,7,4,1.4,5,10,0.673
student_A_9,college_A,job_34,0.905,6,3,2.3,2,6,0.658
student_A_9,college_A,job_3,0.668,6,2,4.3,3,6,0.689
student_A_9,college_A,job_22,0.814,7,4,3.8,3,9,0.94
student_A_9,college_A,job_14,0.887,8,2,3.9,1,8,0.743
student_A_9,college_A,job_4,0.865,6,2,1.7,4,9,0.916
student_A_9,college_A,job_2,0.723,6,5,5.0,3,7,0.773
student_A_10,college_A,job_11,0.693,4,6,4.1,2,7,0.957
student_A_10,college_A,job_46,0.73,5,6,4.4,2,7,0.898
student_A_10,college_A,job_33,0.593,4,6,4.0,1,5,0.948
student_A_10,college_A,job_41,0.897,6,4,3.0,4,8,0.756
student_A_10,college_A,job_17,0.713,5,5,4.6,3,5,0.654
student_A_10,college_A,job_39,0.588,3,5,4.6,5,4,0.755
student_A_10,college_A,job_34,0.949,7,2,4.8,4,10,0.839
student_A_10,college_A,job_30,0.738,5,3,3.5,4,5,0.747
student_A_10,college_A,job_29,0.832,5,6,2.3,3,6,0.898
student_A_10,college_A,job_27,0.882,8,2,4.2,3,11,0.68
student_A_10,college_A,job_37,0.574,5,5,3.0,5,8,0.831
student_A_10,college_A,job_45,0.923,7,3,2.8,5,10,0.766
student_A_10,college_A,job_20,0.61,4,6,1.5,3,5,0.901
student_A_11,college_A,job_46,0.592,5,5,3.5,3,5,0.678
student_A_11,college_A,job_12,0.581,4,5,3.8,2,6,0.921
student_A_11,college_A,job_20,0.584,4,4,3.8,2,5,0.678
student_A_11,college_A,job_7,0.707,4,4,4.9,3,6,0.772
student_A_11,college_A,job_34,0.948,8,3,4.3,2,8,0.975
student_A_11,college_A,job_44,0.708,6,4,4.0,1,9,0.678
student_A_11,college_A,job_11,0.785,6,4,4.1,4,7,0.79
student_A_11,college_A,job_48,0.597,4,7,4.6,1,4,0.813
student_A_11,college_A,job_13,0.747,5,6,1.0,1,5,0.669
student_A_11,college_A,job_30,0.599,5,3,1.5,5,6,0.864
student_A_12,college_A,job_36,0.795,6,5,4.0,5,9,0.968
student_A_12,college_A,job_19,0.67,6,5,2.5,3,8,0.937
student_A_12,college_A,job_5,0.955,8,0,1.9,5,8,0.654
student_A_12,college_A,job_15,0.568,5,4,4.9,2,7,0.944
student_A_12,college_A,job_7,0.967,6,3,3.1,1,7,0.674
student_A_12,college_A,job_35,0.957,6,3,3.2,5,6,0.823
student_A_12,college_A,job_26,0.842,6,5,3.5,4,8,0.8
student_A_12,college_A,job_38,0.795,5,5,3.5,1,7,0.947
student_A_12,college_A,job_42,0.668,4,5,1.2,4,6,0.964
student_A_12,college_A,job_39,0.741,6,3,4.6,5,9,0.855
student_A_12,college_A,job_14,0.629,6,3,2.1,1,7,0.803
student_A_13,college_A,job_9,0.795,6,5,2.4,4,9,0.676
student_A_13,college_A,job_4,0.964,8,0,4.9,1,11,0.88
student_A_13,college_A,job_3,0.68,6,4,3.1,3,6,0.919
student_A_13,college_A,job_10,0.618,3,5,3.7,1,5,0.951
student_A_13,college_A,job_19,0.949,6,3,4.3,5,9,0.889
student_A_13,college_A,job_38,0.726,6,5,3.5,5,8,0.958
student_A_13,college_A,job_36,0.569,5,6,4.5,2,8,0.659
student_A_13,college_A,job_18,0.89,7,3,2.5,1,10,0.976
student_A_13,college_A,job_28,0.8,6,2,1.6,3,7,0.776
student_A_13,college_A,job_7,0.904,7,4,4.9,3,9,0.927
student_A_13,college_A,job_29,0.724,6,2,2.9,4,9,0.74
student_A_13,college_A,job_45,0.913,7,3,1.2,1,9,0.918
student_A_14,college_A,job_49,0.969,7,4,5.0,5,10,0.833
student_A_14,college_A,job_25,0.947,6,4,4.1,1,7,0.93
student_A_14,college_A,job_32,0.739,5,6,2.0,3,5,0.693
student_A_14,college_A,job_0,0.805,7,2,4.8,1,8,0.725
student_A_14,college_A,job_42,0.81,7,1,3.7,3,10,0.768
student_A_14,college_A,job_34,0.832,5,3,1.5,1,8,0.822
student_A_14,college_A,job_29,0.768,7,2,4.1,1,10,0.931
student_A_14,college_A,job_26,0.786,7,3,3.2,3,10,0.939
student_A_14,college_A,job_3,0.606,4,5,2.6,4,7,0.659
student_A_14,college_A,job_12,0.811,5,6,4.0,5,6,0.882
student_A_15,college_A,job_32,0.607,4,7,1.9,2,6,0.655
student_A_15,college_A,job_47,0.798,7,4,2.4,3,10,0.779
student_A_15,college_A,job_8,0.93,6,3,2.7,3,9,0.765
student_A_15,college_A,job_4,0.879,7,1,3.1,2,9,0.781
student_A_15,college_A,job_17,0.912,8,3,3.5,4,11,0.963
student_A_15,college_A,job_26,0.939,7,1,1.6,2,8,0.812
student_A_15,college_A,job_21,0.743,6,4,2.0,5,6,0.973
student_A_15,college_A,job_49,0.688,4,7,3.0,4,4,0.859
student_A_15,college_A,job_45,0.582,4,5,2.0,2,4,0.693
student_A_15,college_A,job_0,0.614,4,6,1.5,4,7,0.696
student_A_15,college_A,job_18,0.626,5,6,3.6,1,7,0.764
student_A_15,college_A,job_19,0.749,6,2,4.6,4,6,0.87
student_A_15,college_A,job_37,0.631,6,4,1.7,2,7,0.663
student_A_15,college_A,job_31,0.667,5,3,1.7,1,5,0.708
student_A_16,college_A,job_10,0.601,4,5,1.4,5,5,0.802
student_A_16,college_A,job_44,0.703,4,7,1.8,2,5,0.816
student_A_16,college_A,job_19,0.567,5,4,3.8,4,6,0.914
student_A_16,college_A,job_1,0.584,5,5,3.5,4,8,0.938
student_A_16,college_A,job_2,0.576,5,3,4.7,3,8,0.741
student_A_16,college_A,job_20,0.864,7,2,4.2,3,7,0.711
student_A_16,college_A,job_3,0.706,5,5,1.8,4,8,0.81
student_A_16,college_A,job_18,0.705,5,5,3.5,3,6,0.803
student_A_16,college_A,job_22,0.565,4,4,4.0,4,5,0.733
student_A_16,college_A,job_23,0.926,8,2,3.9,4,10,0.819
student_A_16,college_A,job_27,0.595,3,8,3.1,3,5,0.798
student_A_16,college_A,job_9,0.652,6,2,3.1,1,9,0.739
student_A_16,college_A,job_15,0.558,3,7,2.5,3,4,0.756
student_A_17,college_A,job_12,0.688,4,6,1.8,2,6,0.69
student_A_17,college_A,job_39,0.799,5,4,4.6,4,6,0.874
student_A_17,college_A,job_16,0.759,6,4,4.2,5,7,0.679
student_A_17,college_A,job_43,0.796,6,4,3.1,3,8,0.896
student_A_17,college_A,job_42,0.604,4,4,2.7,1,5,0.744
student_A_17,college_A,job_46,0.821,7,4,2.5,2,9,0.838
student_A_17,college_A,job_8,0.964,7,1,2.4,1,9,0.85
student_A_17,college_A,job_40,0.593,3,8,1.9,5,5,0.7
student_A_17,college_A,job_6,0.617,5,6,2.0,3,7,0.712
student_A_17,college_A,job_45,0.623,5,4,2.1,1,8,0.946
student_A_17,college_A,job_2,0.77,7,3,1.3,1,8,0.785
student_A_17,college_A,job_19,0.597,5,6,4.9,1,7,0.781
student_A_17,college_A,job_28,0.914,6,3,4.9,4,6,0.92
student_A_17,college_A,job_48,0.622,4,7,2.0,1,4,0.871
student_A_17,college_A,job_23,0.784,5,4,4.7,1,8,0.839
student_A_18,college_A,job_23,0.873,7,3,2.1,1,8,0.712
student_A_18,college_A,job_42,0.729,5,4,2.3,4,7,0.818
student_A_18,college_A,job_47,0.598,5,5,2.0,1,7,0.852
student_A_18,college_A,job_44,0.794,6,4,2.2,1,7,0.701
student_A_18,college_A,job_34,0.774,6,2,2.9,1,7,0.667
student_A_18,college_A,job_26,0.606,3,5,2.3,5,5,0.671
student_A_18,college_A,job_37,0.685,4,5,5.0,2,4,0.917
student_A_18,college_A,job_9,0.836,5,4,2.0,5,6,0.901
student_A_18,college_A,job_46,0.748,4,4,3.4,3,6,0.786
student_A_18,college_A,job_6,0.94,6,4,2.4,2,7,0.924
student_A_18,college_A,job_31,0.602,5,3,4.9,1,6,0.891
student_A_18,college_A,job_41,0.626,5,4,4.8,1,7,0.672
student_A_18,college_A,job_17,0.791,5,5,4.0,1,5,0.928
student_A_19,college_A,job_47,0.884,8,1,1.6,4,8,0.717
student_A_19,college_A,job_26,0.619,4,7,1.7,5,4,0.919
student_A_19,college_A,job_33,0.77,6,5,3.7,1,9,0.768
student_A_19,college_A,job_7,0.715,5,6,4.5,1,5,0.919
student_A_19,college_A,job_4,0.708,5,4,2.8,1,5,0.803
student_A_19,college_A,job_30,0.864,6,4,2.2,2,9,0.816
student_A_19,college_A,job_28,0.928,8,2,1.9,5,11,0.777
student_A_19,college_A,job_23,0.931,8,3,3.2,5,8,0.856
student_A_19,college_A,job_32,0.945,8,1,1.5,1,11,0.857
student_A_19,college_A,job_37,0.608,3,8,2.3,4,5,0.912
student_A_19,college_A,job_6,0.774,6,5,3.5,4,6,0.945
student_A_20,college_A,job_27,0.614,3,7,4.2,4,4,0.753
student_A_20,college_A,job_20,0.862,5,5,2.0,5,5,0.661
student_A_20,college_A,job_42,0.87,6,5,3.3,4,6,0.939
student_A_20,college_A,job_16,0.895,8,2,2.4,3,10,0.687
student_A_20,college_A,job_23,0.604,5,4,4.4,1,6,0.781
student_A_20,college_A,job_9,0.613,3,5,4.2,4,5,0.726
student_A_20,college_A,job_43,0.852,6,2,3.9,5,8,0.862
student_A_20,college_A,job_30,0.778,5,6,3.8,5,5,0.733
student_A_20,college_A,job_4,0.626,6,4,2.4,5,6,0.95
student_A_20,college_A,job_5,0.718,5,5,3.3,2,7,0.802
student_A_20,college_A,job_40,0.614,3,6,4.8,3,4,0.843
student_A_20,college_A,job_39,0.807,7,4,3.0,5,7,0.656
student_A_21,college_A,job_47,0.941,7,3,4.5,3,7,0.836
student_A_21,college_A,job_40,0.937,6,3,3.8,1,6,0.883
student_A_21,college_A,job_1,0.792,6,5,1.6,1,9,0.85
student_A_21,college_A,job_5,0.859,7,4,2.7,4,10,0.958
student_A_21,college_A,job_33,0.739,4,4,4.7,3,6,0.687
student_A_21,college_A,job_13,0.902,6,4,4.9,4,9,0.691
student_A_21,college_A,job_24,0.915,8,2,4.7,5,8,0.821
student_A_21,college_A,job_26,0.718,5,3,3.4,2,5,0.668
student_A_21,college_A,job_29,0.887,7,2,2.3,2,8,0.652
student_A_21,college_A,job_21,0.717,5,5,2.3,3,5,0.827
student_A_21,college_A,job_10,0.695,5,6,4.7,1,6,0.764
student_A_22,college_A,job_24,0.74,4,7,4.0,4,4,0.724
student_A_22,college_A,job_34,0.609,5,6,2.8,3,8,0.708
student_A_22,college_A,job_45,0.726,5,3,3.0,4,8,0.952
student_A_22,college_A,job_14,0.794,6,3,2.4,1,9,0.859
student_A_22,college_A,job_32,0.829,5,6,1.1,3,5,0.709
student_A_22,college_A,job_35,0.612,4,7,4.8,2,4,0.787
student_A_22,college_A,job_42,0.969,7,3,1.3,4,8,0.816
student_A_22,college_A,job_22,0.578,3,5,3.4,3,3,0.897
student_A_22,college_A,job_4,0.927,8,1,1.8,5,10,0.718
student_A_22,college_A,job_25,0.565,5,4,1.8,3,6,0.806
student_A_22,college_A,job_2,0.578,3,7,3.3,1,4,0.906
student_A_23,college_A,job_38,0.77,7,3,2.8,5,9,0.795
student_A_23,college_A,job_9,0.785,6,2,2.6,2,9,0.701
student_A_23,college_A,job_41,0.912,8,2,1.7,4,10,0.962
student_A_23,college_A,job_4,0.664,4,6,2.5,5,4,0.863
student_A_23,college_A,job_11,0.561,4,7,2.6,3,4,0.702
student_A_23,college_A,job_40,0.827,6,4,3.9,1,6,0.659
student_A_23,college_A,job_31,0.647,6,5,1.9,1,9,0.872
student_A_23,college_A,job_29,0.594,5,3,1.1,5,8,0.914
student_A_23,college_A,job_36,0.824,7,2,1.7,5,9,0.729
student_A_23,college_A,job_37,0.652,5,4,1.4,5,5,0.888
student_A_23,college_A,job_28,0.899,6,4,4.4,4,6,0.781
student_A_24,college_A,job_41,0.636,5,5,3.7,4,5,0.747
student_A_24,college_A,job_11,0.555,3,7,4.6,3,3,0.678
student_A_24,college_A,job_2,0.561,5,6,1.8,5,7,0.71
student_A_24,college_A,job_15,0.727,6,3,3.3,3,8,0.945
student_A_24,college_A,job_45,0.694,6,3,4.3,1,8,0.736
student_A_24,college_A,job_28,0.798,7,4,2.5,3,8,0.738
student_A_24,college_A,job_44,0.722,6,2,3.5,5,8,0.832
student_A_24,college_A,job_33,0.674,5,5,2.7,5,6,0.963
student_A_24,college_A,job_42,0.609,3,8,4.1,5,5,0.937
student_A_24,college_A,job_39,0.926,7,3,2.9,1,8,0.914
student_A_24,college_A,job_10,0.559,4,7,2.7,2,5,0.739
student_A_24,college_A,job_23,0.816,5,4,3.2,2,5,0.735
student_A_24,college_A,job_38,0.901,6,2,1.6,3,8,0.975
student_A_24,college_A,job_18,0.622,3,8,3.1,5,4,0.74
student_B_0,college_B,job_11,0.835,7,4,1.1,3,8,0.505
student_B_0,college_B,job_44,0.495,2,8,3.3,5,5,0.71
student_B_0,college_B,job_39,0.79,6,5,3.6,2,9,0.547
student_B_0,college_B,job_10,0.423,3,8,1.0,3,4,0.873
student_B_0,college_B,job_28,0.667,6,3,4.5,2,8,0.732
student_B_0,college_B,job_2,0.443,4,7,3.7,1,6,0.88
student_B_0,college_B,job_26,0.553,3,5,2.7,5,5,0.694
student_B_0,college_B,job_23,0.438,2,8,1.2,1,5,0.797
student_B_0,college_B,job_15,0.67,4,7,1.3,5,4,0.565
student_B_0,college_B,job_45,0.503,4,6,2.6,2,4,0.617
student_B_0,college_B,job_47,0.507,3,8,3.9,4,5,0.716
student_B_1,college_B,job_24,0.702,5,6,2.9,1,6,0.89
student_B_1,college_B,job_5,0.464,3,5,3.9,4,3,0.465
student_B_1,college_B,job_23,0.665,5,4,2.0,1,6,0.474
student_B_1,college_B,job_14,0.666,6,5,3.0,5,6,0.607
student_B_1,college_B,job_1,0.406,2,8,4.1,3,2,0.485
student_B_1,college_B,job_20,0.613,3,8,3.9,1,6,0.774
student_B_1,college_B,job_6,0.481,2,9,2.7,1,2,0.835
student_B_1,college_B,job_41,0.718,6,3,4.2,5,7,0.578
student_B_1,college_B,job_21,0.541,4,4,3.4,3,6,0.493
student_B_1,college_B,job_9,0.423,4,7,4.7,2,5,0.897
student_B_1,college_B,job_8,0.448,4,6,2.8,1,4,0.705
student_B_2,college_B,job_34,0.738,5,4,4.5,1,5,0.829
student_B_2,college_B,job_32,0.717,6,4,3.6,5,7,0.849
student_B_2,college_B,job_48,0.609,4,6,2.0,1,5,0.554
student_B_2,college_B,job_35,0.85,7,4,5.0,4,8,0.469
student_B_2,college_B,job_1,0.84,5,6,3.8,2,5,0.535
student_B_2,college_B,job_24,0.835,5,3,3.3,3,6,0.466
student_B_2,college_B,job_30,0.508,4,6,3.8,1,7,0.884
student_B_2,college_B,job_2,0.85,6,4,4.9,5,6,0.673
student_B_2,college_B,job_40,0.798,6,4,4.4,2,6,0.6
student_B_2,college_B,job_44,0.37,2,6,4.3,3,4,0.73
student_B_2,college_B,job_23,0.414,3,8,1.9,4,6,0.486
student_B_2,college_B,job_16,0.53,3,8,3.8,3,6,0.791
student_B_2,college_B,job_45,0.517,5,5,1.3,3,5,0.704
student_B_2,college_B,job_22,0.519,3,8,4.2,4,4,0.744
student_B_3,college_B,job_18,0.676,4,6,4.5,4,7,0.559
student_B_3,college_B,job_20,0.811,7,1,1.1,3,7,0.46
student_B_3,college_B,job_6,0.63,5,4,4.5,4,5,0.891
student_B_3,college_B,job_5,0.879,8,3,4.2,2,8,0.615
student_B_3,college_B,job_48,0.563,3,6,4.1,2,5,0.676
student_B_3,college_B,job_42,0.813,6,2,3.5,3,7,0.913
student_B_3,college_B,job_49,0.571,4,6,4.1,4,7,0.648
student_B_3,college_B,job_19,0.477,4,5,4.0,1,6,0.502
student_B_3,college_B,job_28,0.502,4,6,2.4,4,5,0.589
student_B_3,college_B,job_38,0.372,1,8,1.9,1,4,0.458
student_B_3,college_B,job_27,0.577,4,4,5.0,5,6,0.631
student_B_3,college_B,job_10,0.466,4,7,3.7,3,5,0.896
student_B_3,college_B,job_41,0.397,3,8,4.1,5,4,0.646
student_B_3,college_B,job_22,0.851,5,3,4.5,1,8,0.67
student_B_4,college_B,job_45,0.439,2,7,3.5,3,4,0.916
student_B_4,college_B,job_28,0.85,5,3,1.9,5,6,0.755
student_B_4,college_B,job_5,0.622,3,8,3.4,2,3,0.558
student_B_4,college_B,job_43,0.467,4,6,1.7,3,7,0.538
student_B_4,college_B,job_20,0.536,3,5,4.1,5,3,0.477
student_B_4,college_B,job_42,0.818,6,5,4.9,3,9,0.886
student_B_4,college_B,job_22,0.442,4,4,5.0,4,5,0.636
student_B_4,college_B,job_4,0.719,6,2,4.0,3,9,0.522
student_B_4,college_B,job_35,0.469,4,6,4.3,4,5,0.555
student_B_4,college_B,job_34,0.664,6,3,3.1,5,7,0.723
student_B_4,college_B,job_18,0.815,7,1,1.4,4,7,0.575
student_B_5,college_B,job_9,0.821,7,3,1.5,2,7,0.899
student_B_5,college_B,job_19,0.779,7,2,4.4,5,8,0.758
student_B_5,college_B,job_10,0.396,4,6,3.2,2,4,0.642
student_B_5,college_B,job_47,0.488,2,6,2.5,1,4,0.79
student_B_5,college_B,job_20,0.393,4,7,3.0,2,4,0.553
student_B_5,college_B,job_14,0.39,4,6,3.7,4,6,0.85
student_B_5,college_B,job_22,0.605,3,8,3.0,4,5,0.728
student_B_5,college_B,job_33,0.534,3,5,4.3,4,4,0.769
student_B_5,college_B,job_18,0.492,3,8,3.3,4,6,0.863
student_B_5,college_B,job_5,0.699,5,4,4.2,2,7,0.85
student_B_5,college_B,job_16,0.725,6,4,4.5,3,9,0.843
student_B_5,college_B,job_12,0.71,5,3,3.8,2,7,0.741
student_B_5,college_B,job_35,0.434,3,5,4.0,2,5,0.864
student_B_5,college_B,job_17,0.366,1,8,4.5,4,1,0.838
student_B_6,college_B,job_18,0.528,4,7,1.5,2,7,0.799
student_B_6,college_B,job_24,0.784,6,2,1.6,3,6,0.841
student_B_6,college_B,job_39,0.353,3,8,3.0,4,4,0.585
student_B_6,college_B,job_26,0.87,7,3,3.5,2,7,0.747
student_B_6,college_B,job_15,0.686,5,6,2.0,1,8,0.704
student_B_6,college_B,job_10,0.407,4,4,4.1,3,4,0.808
student_B_6,college_B,job_20,0.86,5,5,3.2,4,7,0.611
student_B_6,college_B,job_36,0.844,6,2,3.5,4,9,0.498
student_B_6,college_B,job_43,0.715,6,3,4.7,1,8,0.482
student_B_6,college_B,job_12,0.725,5,3,2.2,5,8,0.482
student_B_7,college_B,job_28,0.533,3,6,3.3,3,6,0.742
student_B_7,college_B,job_48,0.812,5,3,1.2,5,5,0.908
student_B_7,college_B,job_35,0.747,6,4,4.9,2,9,0.511
student_B_7,college_B,job_17,0.363,2,7,4.0,5,3,0.46
student_B_7,college_B,job_39,0.609,5,5,2.3,3,6,0.812
student_B_7,college_B,job_43,0.586,5,5,3.7,4,7,0.579
student_B_7,college_B,job_45,0.576,5,6,5.0,5,7,0.662
student_B_7,college_B,job_7,0.771,5,5,1.7,4,7,0.776
student_B_7,college_B,job_8,0.394,3,7,1.9,1,3,0.77
student_B_7,college_B,job_6,0.495,3,7,3.6,5,4,0.897
student_B_7,college_B,job_25,0.579,5,6,1.6,1,6,0.893
student_B_7,college_B,job_23,0.688,6,5,2.7,5,7,0.637
student_B_7,college_B,job_21,0.872,5,3,2.1,2,6,0.642
student_B_7,college_B,job_47,0.472,3,7,4.6,1,6,0.55
student_B_8,college_B,job_26,0.695,5,6,1.1,5,8,0.623
student_B_8,college_B,job_44,0.601,3,8,4.5,3,5,0.905
student_B_8,college_B,job_13,0.81,6,4,1.7,5,9,0.815
student_B_8,college_B,job_49,0.798,5,5,4.1,2,7,0.808
student_B_8,college_B,job_32,0.42,3,7,3.5,2,4,0.465
student_B_8,college_B,job_39,0.677,5,6,4.7,4,7,0.824
student_B_8,college_B,job_30,0.412,4,6,2.9,5,6,0.509
student_B_8,college_B,job_3,0.578,5,6,3.7,1,8,0.544
student_B_8,college_B,job_8,0.384,2,8,3.0,3,2,0.724
student_B_8,college_B,job_33,0.773,7,1,2.1,3,9,0.596
student_B_8,college_B,job_47,0.356,3,7,2.8,4,6,0.484
student_B_9,college_B,job_12,0.604,3,6,2.6,2,4,0.732
student_B_9,college_B,job_34,0.718,4,7,2.2,1,6,0.854
student_B_9,college_B,job_17,0.371,1,8,4.1,4,1,0.676
student_B_9,college_B,job_35,0.478,2,9,1.4,5,5,0.914
student_B_9,college_B,job_44,0.614,5,4,1.6,4,7,0.741
student_B_9,college_B,job_47,0.647,5,3,3.8,3,5,0.455
student_B_9,college_B,job_8,0.624,3,5,2.3,5,4,0.491
student_B_9,college_B,job_6,0.368,1,7,2.4,4,4,0.487
student_B_9,college_B,job_39,0.42,2,8,2.6,4,2,0.717
student_B_9,college_B,job_37,0.774,6,2,3.8,1,8,0.544
student_B_9,college_B,job_15,0.405,3,8,1.7,3,4,0.749
student_B_10,college_B,job_29,0.367,1,10,3.8,2,4,0.89
student_B_10,college_B,job_17,0.637,5,3,1.2,5,8,0.783
student_B_10,college_B,job_12,0.728,4,5,4.5,1,7,0.827
student_B_10,college_B,job_7,0.782,5,3,2.4,3,7,0.488
student_B_10,college_B,job_21,0.64,4,7,4.6,4,6,0.834
student_B_10,college_B,job_10,0.691,5,3,2.8,3,7,0.697
student_B_10,college_B,job_49,0.393,4,5,3.9,3,4,0.478
student_B_10,college_B,job_41,0.435,3,7,2.0,1,4,0.86
student_B_10,college_B,job_16,0.867,7,3,1.9,4,7,0.608
student_B_10,college_B,job_11,0.769,6,3,1.7,3,7,0.76
student_B_10,college_B,job_0,0.644,5,4,3.0,2,8,0.788
student_B_10,college_B,job_45,0.878,7,4,1.9,5,10,0.908
student_B_10,college_B,job_18,0.456,4,5,3.6,5,5,0.77
student_B_10,college_B,job_36,0.366,1,10,1.3,5,3,0.571
student_B_11,college_B,job_36,0.81,7,4,2.9,3,7,0.792
student_B_11,college_B,job_7,0.576,5,6,4.0,2,5,0.613
student_B_11,college_B,job_3,0.873,6,2,2.5,5,9,0.469
student_B_11,college_B,job_35,0.657,6,5,4.5,2,9,0.656
student_B_11,college_B,job_32,0.608,3,8,3.9,5,5,0.861
student_B_11,college_B,job_12,0.574,4,6,4.6,1,4,0.58
student_B_11,college_B,job_49,0.834,7,1,3.4,2,7,0.549
student_B_11,college_B,job_34,0.685,5,3,3.5,4,5,0.795
student_B_11,college_B,job_9,0.729,5,3,1.5,1,7,0.877
student_B_11,college_B,job_10,0.476,2,7,1.7,4,5,0.907
student_B_12,college_B,job_24,0.803,6,3,1.7,5,7,0.681
student_B_12,college_B,job_28,0.811,5,5,2.0,1,8,0.659
student_B_12,college_B,job_49,0.54,4,7,3.1,5,5,0.729
student_B_12,college_B,job_47,0.557,4,6,1.7,2,5,0.906
student_B_12,college_B,job_5,0.698,4,4,2.0,3,4,0.603
student_B_12,college_B,job_43,0.419,4,4,4.1,4,5,0.906
student_B_12,college_B,job_42,0.475,2,6,2.8,2,2,0.485
student_B_12,college_B,job_34,0.625,6,2,1.7,4,7,0.608
student_B_12,college_B,job_8,0.578,4,7,4.3,1,5,0.567
student_B_12,college_B,job_22,0.725,4,4,3.5,5,5,0.529
student_B_12,college_B,job_7,0.369,2,7,1.7,5,4,0.796
student_B_12,college_B,job_11,0.602,5,5,3.7,5,6,0.847
student_B_13,college_B,job_9,0.66,5,3,4.2,5,7,0.858
student_B_13,college_B,job_42,0.409,4,6,1.8,4,7,0.577
student_B_13,college_B,job_33,0.632,4,6,1.2,4,7,0.89
student_B_13,college_B,job_14,0.415,4,7,1.2,2,5,0.663
student_B_13,college_B,job_26,0.518,4,5,4.7,2,7,0.688
student_B_13,college_B,job_19,0.429,4,7,1.2,1,7,0.914
student_B_13,college_B,job_17,0.353,3,6,4.9,5,6,0.897
student_B_13,college_B,job_3,0.81,6,3,3.6,2,8,0.664
student_B_13,college_B,job_35,0.609,4,6,3.1,1,4,0.763
student_B_13,college_B,job_37,0.366,3,6,1.6,5,3,0.595
student_B_13,college_B,job_11,0.457,3,5,3.8,3,3,0.767
student_B_13,college_B,job_27,0.4,4,5,4.9,2,7,0.766
student_B_14,college_B,job_21,0.81,7,3,2.8,2,9,0.533
student_B_14,college_B,job_19,0.794,6,4,3.8,4,8,0.894
student_B_14,college_B,job_0,0.614,4,7,3.7,3,7,0.74
student_B_14,college_B,job_13,0.652,6,5,4.5,1,8,0.464
student_B_14,college_B,job_12,0.715,5,5,4.7,2,8,0.768
student_B_14,college_B,job_7,0.699,6,3,1.9,1,7,0.635
student_B_14,college_B,job_30,0.406,3,8,3.6,1,5,0.759
student_B_14,college_B,job_15,0.376,2,8,5.0,2,3,0.909
student_B_14,college_B,job_38,0.811,7,2,2.6,4,10,0.818
student_B_14,college_B,job_46,0.741,6,4,3.3,5,8,0.863
student_B_14,college_B,job_25,0.523,5,6,2.6,4,8,0.764
student_B_15,college_B,job_46,0.754,5,3,4.2,1,5,0.825
student_B_15,college_B,job_22,0.783,5,4,2.7,4,5,0.506
student_B_15,college_B,job_10,0.353,1,8,3.2,2,4,0.603
student_B_15,college_B,job_8,0.56,3,8,2.5,3,6,0.777
student_B_15,college_B,job_34,0.588,3,8,2.6,1,3,0.562
student_B_15,college_B,job_31,0.47,4,6,2.5,1,6,0.484
student_B_15,college_B,job_11,0.704,6,5,3.4,1,7,0.741
student_B_15,college_B,job_45,0.551,3,6,2.9,1,4,0.856
student_B_15,college_B,job_41,0.604,5,5,3.1,2,7,0.462
student_B_15,college_B,job_3,0.552,4,4,2.4,3,6,0.637
student_B_15,college_B,job_33,0.633,5,4,3.3,4,6,0.736
student_B_16,college_B,job_43,0.781,7,2,4.1,1,7,0.788
student_B_16,college_B,job_5,0.36,2,8,4.8,4,2,0.542
student_B_16,college_B,job_41,0.693,4,5,1.0,5,5,0.872
student_B_16,college_B,job_47,0.841,6,4,2.0,5,6,0.478
student_B_16,college_B,job_2,0.536,5,5,4.7,1,5,0.498
student_B_16,college_B,job_48,0.486,3,5,2.9,2,4,0.584
student_B_16,college_B,job_25,0.776,5,6,2.2,5,5,0.703
student_B_16,college_B,job_24,0.673,4,5,2.2,3,7,0.787
student_B_16,college_B,job_42,0.569,4,7,2.1,5,5,0.507
student_B_16,college_B,job_35,0.711,6,4,1.7,1,6,0.535
student_B_16,college_B,job_30,0.726,5,4,3.1,1,5,0.5
student_B_16,college_B,job_3,0.486,4,7,3.3,3,6,0.903
student_B_17,college_B,job_40,0.777,7,4,2.9,5,7,0.709
student_B_17,college_B,job_17,0.686,5,4,1.2,5,5,0.897
student_B_17,college_B,job_28,0.784,6,3,3.4,1,9,0.866
student_B_17,college_B,job_31,0.462,4,7,1.9,2,6,0.737
student_B_17,college_B,job_14,0.795,5,3,2.6,3,5,0.873
student_B_17,college_B,job_22,0.476,3,7,2.4,3,5,0.817
student_B_17,college_B,job_35,0.786,5,3,2.1,1,6,0.649
student_B_17,college_B,job_24,0.401,3,8,3.7,4,3,0.743
student_B_17,college_B,job_27,0.661,4,6,2.8,1,4,0.529
student_B_17,college_B,job_11,0.807,7,3,3.9,5,10,0.552
student_B_18,college_B,job_18,0.363,1,9,1.4,2,3,0.752
student_B_18,college_B,job_26,0.64,5,4,3.4,3,5,0.559
student_B_18,college_B,job_24,0.665,5,5,2.6,2,8,0.683
student_B_18,college_B,job_5,0.422,3,5,5.0,3,5,0.777
student_B_18,college_B,job_35,0.577,3,8,2.6,3,4,0.787
student_B_18,college_B,job_15,0.875,6,3,3.8,4,8,0.51
student_B_18,college_B,job_36,0.734,5,5,1.4,1,8,0.722
student_B_18,college_B,job_33,0.392,3,7,2.1,3,6,0.49
student_B_18,college_B,job_10,0.452,2,8,4.6,5,4,0.602
student_B_18,college_B,job_47,0.538,5,4,1.9,5,8,0.483
student_B_19,college_B,job_11,0.386,3,5,3.1,4,4,0.826
student_B_19,college_B,job_25,0.636,6,3,1.9,5,6,0.864
student_B_19,college_B,job_20,0.632,6,3,3.6,4,9,0.602
student_B_19,college_B,job_18,0.705,6,2,2.3,3,9,0.917
student_B_19,college_B,job_44,0.646,4,6,3.6,4,5,0.793
student_B_19,college_B,job_40,0.382,4,5,2.9,3,7,0.714
student_B_19,college_B,job_31,0.443,2,9,4.8,4,5,0.774
student_B_19,college_B,job_36,0.634,5,6,1.8,5,5,0.495
student_B_19,college_B,job_15,0.751,7,1,2.8,3,7,0.613
student_B_19,college_B,job_47,0.772,7,3,3.7,2,8,0.886
student_B_19,college_B,job_24,0.562,3,8,1.9,5,5,0.522
student_B_19,college_B,job_17,0.841,5,3,5.0,4,5,0.704
student_B_20,college_B,job_14,0.626,6,3,4.4,5,8,0.743
student_B_20,college_B,job_32,0.75,6,2,1.4,1,8,0.51
student_B_20,college_B,job_47,0.764,5,3,4.3,4,6,0.783
student_B_20,college_B,job_33,0.511,4,6,1.1,3,7,0.574
student_B_20,college_B,job_35,0.396,4,7,2.4,2,6,0.89
student_B_20,college_B,job_37,0.512,3,8,3.2,4,6,0.637
student_B_20,college_B,job_36,0.668,4,6,2.8,3,4,0.692
student_B_20,college_B,job_49,0.613,3,7,4.7,1,3,0.916
student_B_20,college_B,job_28,0.461,4,5,4.4,2,5,0.887
student_B_20,college_B,job_23,0.783,5,5,1.5,5,8,0.629
student_B_20,college_B,job_25,0.81,5,6,4.5,4,6,0.829
student_B_20,college_B,job_29,0.511,5,6,4.2,2,8,0.488
student_B_21,college_B,job_47,0.442,4,4,2.6,3,4,0.777
student_B_21,college_B,job_39,0.867,5,5,2.4,5,7,0.751
student_B_21,college_B,job_12,0.42,3,5,4.3,2,5,0.855
student_B_21,college_B,job_28,0.608,5,5,4.7,4,8,0.735
student_B_21,college_B,job_37,0.443,3,5,4.1,5,5,0.686
student_B_21,college_B,job_27,0.428,3,6,2.6,3,5,0.623
student_B_21,college_B,job_24,0.364,3,5,1.3,5,4,0.514
student_B_21,college_B,job_0,0.641,4,5,4.9,3,6,0.904
student_B_21,college_B,job_13,0.515,3,7,2.7,1,4,0.688
student_B_21,college_B,job_41,0.406,3,8,2.8,5,4,0.751
student_B_22,college_B,job_24,0.678,5,3,1.9,3,7,0.756
student_B_22,college_B,job_27,0.383,3,6,1.6,1,4,0.817
student_B_22,college_B,job_11,0.381,4,7,2.8,4,7,0.918
student_B_22,college_B,job_31,0.718,5,6,1.2,4,8,0.912
student_B_22,college_B,job_40,0.425,2,6,2.0,2,3,0.507
student_B_22,college_B,job_34,0.404,2,8,2.2,3,3,0.775
student_B_22,college_B,job_41,0.62,4,5,1.2,5,7,0.918
student_B_22,college_B,job_47,0.676,6,5,4.3,5,6,0.594
student_B_22,college_B,job_35,0.629,4,6,3.5,5,6,0.65
student_B_22,college_B,job_10,0.82,5,6,1.5,5,6,0.661
student_B_22,college_B,job_46,0.545,3,6,1.8,4,5,0.645
student_B_22,college_B,job_18,0.739,5,5,4.3,1,7,0.812
student_B_22,college_B,job_8,0.571,4,4,1.0,1,5,0.676
student_B_22,college_B,job_42,0.488,4,6,1.1,2,7,0.807
student_B_23,college_B,job_39,0.634,5,5,1.5,2,7,0.551
student_B_23,college_B,job_8,0.478,3,5,1.0,5,4,0.909
student_B_23,college_B,job_13,0.859,5,5,4.2,4,6,0.679
student_B_23,college_B,job_47,0.64,4,5,1.4,2,6,0.664
student_B_23,college_B,job_3,0.402,4,7,4.4,2,7,0.679
student_B_23,college_B,job_36,0.522,5,5,1.6,2,8,0.797
student_B_23,college_B,job_22,0.549,4,4,2.9,4,4,0.635
student_B_23,college_B,job_34,0.766,7,3,2.8,4,9,0.869
student_B_23,college_B,job_17,0.767,6,4,4.8,4,6,0.598
student_B_23,college_B,job_38,0.582,5,6,3.8,1,7,0.57
student_B_23,college_B,job_42,0.37,3,8,4.4,1,4,0.874
student_B_24,college_B,job_13,0.688,4,7,2.8,1,4,0.76
student_B_24,college_B,job_31,0.687,4,7,4.6,1,7,0.739
student_B_24,college_B,job_17,0.625,5,4,1.3,1,6,0.521
student_B_24,college_B,job_20,0.621,3,7,3.9,3,3,0.77
student_B_24,college_B,job_18,0.395,3,5,1.2,3,5,0.787
student_B_24,college_B,job_21,0.388,2,9,1.3,2,4,0.456
student_B_24,college_B,job_35,0.741,5,3,4.8,2,5,0.616
student_B_24,college_B,job_36,0.535,3,8,2.2,1,3,0.814
student_B_24,college_B,job_8,0.448,4,5,3.6,2,7,0.532
student_B_24,college_B,job_42,0.7,4,6,1.4,1,4,0.809
student_B_24,college_B,job_48,0.361,3,6,2.1,4,6,0.489
student_B_24,college_B,job_44,0.507,3,8,4.9,1,3,0.812
student_B_24,college_B,job_3,0.552,3,7,3.5,1,5,0.547
student_B_25,college_B,job_8,0.676,5,4,1.5,4,6,0.814
student_B_25,college_B,job_24,0.631,6,5,3.6,4,7,0.47
student_B_25,college_B,job_49,0.773,5,4,4.9,1,5,0.588
student_B_25,college_B,job_41,0.669,6,5,4.9,5,8,0.724
student_B_25,college_B,job_43,0.78,6,3,4.0,4,7,0.759
student_B_25,college_B,job_9,0.529,5,3,1.5,3,6,0.886
student_B_25,college_B,job_4,0.547,5,5,1.9,5,5,0.653
student_B_25,college_B,job_33,0.675,4,5,2.8,3,7,0.893
student_B_25,college_B,job_36,0.414,4,4,2.0,3,5,0.543
student_B_25,college_B,job_0,0.692,5,3,4.5,4,6,0.584
student_B_25,college_B,job_39,0.807,7,1,4.3,4,7,0.848
student_B_25,college_B,job_10,0.484,3,6,4.7,3,6,0.805
student_B_26,college_B,job_26,0.796,6,4,2.8,1,9,0.792
student_B_26,college_B,job_23,0.698,6,5,4.1,4,6,0.533
student_B_26,college_B,job_34,0.872,7,2,3.2,5,9,0.891
student_B_26,college_B,job_43,0.437,3,5,1.2,1,4,0.512
student_B_26,college_B,job_11,0.783,7,3,3.9,2,10,0.55
student_B_26,college_B,job_30,0.796,7,1,3.0,5,9,0.794
student_B_26,college_B,job_4,0.663,6,3,3.2,4,6,0.689
student_B_26,college_B,job_1,0.649,4,7,2.2,2,4,0.774
student_B_26,college_B,job_37,0.687,6,2,4.5,4,8,0.808
student_B_26,college_B,job_46,0.595,3,5,1.6,2,4,0.454
student_B_26,college_B,job_0,0.735,4,7,2.0,1,6,0.916
student_B_26,college_B,job_16,0.563,5,5,1.4,5,6,0.826
student_B_26,college_B,job_13,0.644,4,6,1.8,3,4,0.795
student_B_26,college_B,job_2,0.45,3,8,3.5,1,5,0.617
student_B_27,college_B,job_4,0.644,4,6,4.1,3,4,0.452
student_B_27,college_B,job_16,0.369,3,5,4.0,5,4,0.8
student_B_27,college_B,job_45,0.858,5,3,1.8,5,5,0.623
student_B_27,college_B,job_36,0.429,2,9,2.3,2,4,0.594
student_B_27,college_B,job_40,0.878,6,3,4.5,4,6,0.623
student_B_27,college_B,job_49,0.733,6,5,2.8,5,7,0.867
student_B_27,college_B,job_31,0.558,3,8,3.4,3,5,0.644
student_B_27,college_B,job_29,0.352,1,9,3.8,3,1,0.741
student_B_27,college_B,job_32,0.771,7,1,2.4,5,8,0.494
student_B_27,college_B,job_23,0.605,5,3,3.4,2,8,0.752
student_B_27,college_B,job_3,0.657,5,5,1.3,1,7,0.714
student_B_27,college_B,job_43,0.67,4,7,3.2,3,4,0.768
student_B_27,college_B,job_46,0.493,2,8,4.2,3,4,0.838
student_B_27,college_B,job_10,0.391,2,9,3.0,5,4,0.478
student_B_28,college_B,job_31,0.766,7,4,2.3,1,9,0.783
student_B_28,college_B,job_12,0.624,3,6,4.2,1,6,0.657
student_B_28,college_B,job_46,0.524,3,6,1.6,4,5,0.654
student_B_28,college_B,job_34,0.467,2,7,1.4,1,5,0.731
student_B_28,college_B,job_15,0.879,7,1,3.9,3,7,0.889
student_B_28,college_B,job_9,0.573,3,8,3.6,5,3,0.749
student_B_28,college_B,job_0,0.413,4,4,4.1,5,7,0.643
student_B_28,college_B,job_26,0.553,3,7,4.4,2,5,0.719
student_B_28,college_B,job_1,0.448,3,7,3.4,3,5,0.62
student_B_28,college_B,job_14,0.364,2,7,2.3,4,2,0.461
student_B_28,college_B,job_47,0.495,2,6,4.3,2,3,0.693
student_B_28,college_B,job_22,0.849,5,6,2.2,1,8,0.572
student_B_28,college_B,job_43,0.813,6,2,2.7,3,8,0.846
student_B_28,college_B,job_21,0.775,6,4,1.7,2,9,0.665
student_B_29,college_B,job_7,0.421,3,8,2.9,2,3,0.488
student_B_29,college_B,job_5,0.613,4,5,3.9,3,4,0.655
student_B_29,college_B,job_10,0.756,6,3,3.9,4,6,0.525
student_B_29,college_B,job_43,0.422,2,7,3.4,4,2,0.803
student_B_29,college_B,job_19,0.857,5,4,3.6,1,6,0.482
student_B_29,college_B,job_44,0.5,4,6,1.2,2,4,0.573
student_B_29,college_B,job_38,0.83,7,3,2.0,5,7,0.567
student_B_29,college_B,job_2,0.752,5,4,2.1,1,8,0.661
student_B_29,college_B,job_13,0.385,2,8,4.1,2,2,0.679
student_B_29,college_B,job_20,0.383,3,5,1.1,1,4,0.876
student_B_29,college_B,job_9,0.632,5,6,1.6,5,8,0.643
student_B_29,college_B,job_48,0.827,6,5,2.4,1,7,0.46
student_C_0,college_C,job_13,0.703,5,6,3.7,4,5,0.602
student_C_0,college_C,job_11,0.275,2,9,4.7,1,3,0.538
student_C_0,college_C,job_17,0.593,3,6,2.0,4,3,0.792
student_C_0,college_C,job_47,0.557,5,5,2.0,4,8,0.439
student_C_0,college_C,job_28,0.468,3,7,3.3,5,5,0.787
student_C_0,college_C,job_9,0.414,3,6,3.4,4,3,0.401
student_C_0,college_C,job_2,0.356,3,6,1.6,3,3,0.463
student_C_0,college_C,job_39,0.514,3,8,4.4,3,5,0.586
student_C_0,college_C,job_42,0.654,4,5,1.5,5,4,0.675
student_C_0,college_C,job_41,0.583,5,4,1.3,2,7,0.595
student_C_0,college_C,job_15,0.465,4,4,1.3,5,5,0.568
student_C_0,college_C,job_18,0.694,5,5,1.7,5,6,0.732
student_C_1,college_C,job_15,0.467,2,9,3.7,5,4,0.535
student_C_1,college_C,job_37,0.506,4,4,3.6,2,4,0.378
student_C_1,college_C,job_20,0.629,4,5,3.1,1,4,0.557
student_C_1,college_C,job_44,0.62,4,4,1.2,5,6,0.441
student_C_1,college_C,job_22,0.327,1,8,2.0,5,3,0.499
student_C_1,college_C,job_48,0.494,3,5,4.0,2,3,0.442
student_C_1,college_C,job_1,0.663,6,3,4.5,2,6,0.742
student_C_1,college_C,job_45,0.462,3,5,2.0,5,5,0.793
student_C_1,college_C,job_36,0.263,3,5,4.1,4,5,0.379
student_C_1,college_C,job_41,0.677,5,4,2.9,3,6,0.592
student_C_1,college_C,job_9,0.3,3,8,3.0,4,5,0.646
student_C_2,college_C,job_45,0.429,2,7,4.3,3,2,0.699
student_C_2,college_C,job_35,0.346,2,6,4.9,5,3,0.585
student_C_2,college_C,job_44,0.623,4,5,2.1,5,4,0.61
student_C_2,college_C,job_39,0.625,4,6,3.5,4,4,0.528
student_C_2,college_C,job_22,0.501,4,6,4.7,2,5,0.421
student_C_2,college_C,job_14,0.623,5,5,3.8,1,8,0.493
student_C_2,college_C,job_42,0.676,5,4,4.4,1,6,0.475
student_C_2,college_C,job_37,0.316,2,8,4.9,1,2,0.441
student_C_2,college_C,job_11,0.67,4,7,1.7,1,7,0.644
student_C_2,college_C,job_24,0.457,2,9,1.6,4,5,0.627
student_C_2,college_C,job_19,0.665,5,6,1.3,4,5,0.712
student_C_3,college_C,job_36,0.705,5,4,3.0,1,8,0.538
student_C_3,college_C,job_41,0.564,5,3,4.9,2,5,0.636
student_C_3,college_C,job_43,0.665,6,5,1.7,3,6,0.542
student_C_3,college_C,job_14,0.256,3,6,1.6,4,6,0.602
student_C_3,college_C,job_10,0.588,3,5,3.1,2,5,0.751
student_C_3,college_C,job_28,0.594,3,8,1.3,2,5,0.434
student_C_3,college_C,job_4,0.635,5,4,4.4,3,5,0.593
student_C_3,college_C,job_2,0.398,3,8,3.8,1,4,0.562
student_C_3,college_C,job_18,0.466,3,5,4.3,1,6,0.511
student_C_3,college_C,job_1,0.639,5,6,3.0,1,6,0.501
student_C_3,college_C,job_20,0.585,3,6,1.7,1,4,0.722
student_C_3,college_C,job_16,0.363,1,10,1.4,3,1,0.414
student_C_3,college_C,job_6,0.462,3,8,2.4,3,6,0.687
student_C_4,college_C,job_16,0.542,3,7,3.6,3,3,0.509
student_C_4,college_C,job_5,0.472,4,4,4.4,2,4,0.791
student_C_4,college_C,job_41,0.309,3,8,3.5,3,4,0.654
student_C_4,college_C,job_34,0.573,3,8,2.3,5,6,0.381
student_C_4,college_C,job_24,0.652,6,5,1.7,5,7,0.452
student_C_4,college_C,job_11,0.381,3,5,4.3,4,6,0.639
student_C_4,college_C,job_23,0.491,4,5,3.8,1,4,0.487
student_C_4,college_C,job_45,0.266,1,8,1.9,4,2,0.487
student_C_4,college_C,job_43,0.691,4,4,3.6,2,7,0.742
student_C_4,college_C,job_44,0.621,5,6,4.1,1,6,0.649
student_C_4,college_C,job_28,0.676,6,4,2.0,2,8,0.652
student_C_4,college_C,job_2,0.302,1,10,3.2,1,4,0.551
student_C_4,college_C,job_49,0.656,5,5,2.8,5,8,0.596
student_C_4,college_C,job_39,0.709,6,5,2.5,1,6,0.4
student_C_4,college_C,job_29,0.27,1,8,2.7,4,1,0.683
student_C_5,college_C,job_36,0.382,4,7,4.7,5,4,0.736
student_C_5,college_C,job_6,0.678,5,6,2.2,2,6,0.689
student_C_5,college_C,job_18,0.258,3,8,4.2,5,3,0.783
student_C_5,college_C,job_34,0.393,3,6,3.9,4,3,0.723
student_C_5,college_C,job_22,0.66,5,5,2.1,4,5,0.401
student_C_5,college_C,job_26,0.504,4,6,3.8,3,6,0.393
student_C_5,college_C,job_16,0.256,3,5,2.0,4,4,0.561
student_C_5,college_C,job_24,0.531,4,7,2.2,2,6,0.484
student_C_5,college_C,job_41,0.599,5,6,2.2,3,5,0.372
student_C_5,college_C,job_31,0.651,5,4,4.6,2,8,0.651
student_C_6,college_C,job_31,0.669,4,5,3.4,2,4,0.433
student_C_6,college_C,job_48,0.363,1,10,1.3,2,1,0.708
student_C_6,college_C,job_33,0.524,5,4,1.1,3,7,0.798
student_C_6,college_C,job_23,0.495,3,8,4.4,3,3,0.379
student_C_6,college_C,job_3,0.532,3,7,4.3,1,6,0.402
student_C_6,college_C,job_32,0.678,5,4,1.4,5,8,0.651
student_C_6,college_C,job_10,0.663,6,4,4.3,5,8,0.607
student_C_6,college_C,job_4,0.452,3,5,3.1,2,5,0.493
student_C_6,college_C,job_19,0.614,4,4,2.7,1,5,0.621
student_C_6,college_C,job_44,0.458,2,7,4.6,5,3,0.623
student_C_6,college_C,job_25,0.528,4,7,3.5,2,4,0.666
student_C_6,college_C,job_8,0.491,3,6,1.9,1,4,0.397
student_C_6,college_C,job_47,0.479,2,7,2.5,5,4,0.644
student_C_6,college_C,job_36,0.532,4,6,4.8,5,7,0.685
student_C_6,college_C,job_1,0.548,4,7,3.0,4,6,0.382
student_C_7,college_C,job_29,0.42,4,6,2.0,5,6,0.563
student_C_7,college_C,job_19,0.316,2,6,1.2,1,4,0.475
student_C_7,college_C,job_43,0.406,4,6,4.9,3,6,0.567
student_C_7,college_C,job_33,0.537,5,5,1.8,3,6,0.476
student_C_7,college_C,job_39,0.493,4,5,1.8,2,4,0.352
student_C_7,college_C,job_25,0.353,2,8,1.0,5,3,0.367
student_C_7,college_C,job_37,0.409,4,7,1.4,1,6,0.711
student_C_7,college_C,job_6,0.491,3,8,3.3,3,6,0.482
student_C_7,college_C,job_0,0.437,4,5,4.7,1,6,0.389
student_C_7,college_C,job_32,0.304,3,8,3.5,2,5,0.505
student_C_7,college_C,job_23,0.661,5,4,3.0,5,6,0.572
student_C_8,college_C,job_6,0.717,6,4,3.8,2,9,0.409
student_C_8,college_C,job_30,0.435,3,7,2.1,3,5,0.54
student_C_8,college_C,job_8,0.677,4,7,2.6,4,4,0.671
student_C_8,college_C,job_16,0.395,4,4,3.4,5,7,0.721
student_C_8,college_C,job_35,0.636,6,2,4.8,2,9,0.351
student_C_8,college_C,job_11,0.274,2,9,3.5,5,2,0.466
student_C_8,college_C,job_43,0.534,3,6,1.2,2,5,0.659
student_C_8,college_C,job_21,0.43,4,7,1.5,4,5,0.555
student_C_8,college_C,job_41,0.307,3,6,2.5,3,3,0.539
student_C_8,college_C,job_5,0.283,2,7,4.0,4,4,0.386
student_C_8,college_C,job_14,0.693,4,7,2.4,1,6,0.651
student_C_8,college_C,job_22,0.42,2,7,3.7,2,5,0.617
student_C_9,college_C,job_8,0.549,5,4,1.0,1,7,0.761
student_C_9,college_C,job_39,0.661,5,4,3.5,1,5,0.676
student_C_9,college_C,job_27,0.674,6,3,1.5,1,7,0.38
student_C_9,college_C,job_40,0.317,2,7,3.1,3,2,0.355
student_C_9,college_C,job_47,0.389,4,6,2.7,4,5,0.569
student_C_9,college_C,job_25,0.271,1,9,3.3,1,3,0.405
student_C_9,college_C,job_45,0.411,4,6,3.2,4,7,0.678
student_C_9,college_C,job_30,0.647,5,6,3.6,2,7,0.662
student_C_9,college_C,job_24,0.566,3,8,2.7,2,3,0.474
student_C_9,college_C,job_0,0.621,3,6,2.2,2,4,0.551
student_C_10,college_C,job_1,0.637,4,4,4.2,1,7,0.736
student_C_10,college_C,job_37,0.453,3,5,4.7,4,5,0.493
student_C_10,college_C,job_32,0.424,4,5,3.3,4,5,0.62
student_C_10,college_C,job_10,0.574,4,7,3.8,1,4,0.519
student_C_10,college_C,job_7,0.452,3,6,1.7,5,6,0.414
student_C_10,college_C,job_23,0.413,4,4,4.6,1,6,0.42
student_C_10,college_C,job_41,0.554,3,8,1.1,1,4,0.637
student_C_10,college_C,job_2,0.284,1,9,2.4,5,2,0.534
student_C_10,college_C,job_24,0.568,5,6,2.2,3,7,0.623
student_C_10,college_C,job_40,0.352,1,10,2.5,2,2,0.795
student_C_10,college_C,job_16,0.573,4,5,2.8,4,4,0.413
student_C_10,college_C,job_34,0.263,3,5,2.9,1,3,0.577
student_C_10,college_C,job_3,0.431,4,7,4.9,5,5,0.368
student_C_10,college_C,job_48,0.432,4,4,1.1,1,4,0.422
student_C_10,college_C,job_6,0.605,5,4,1.1,3,8,0.556
student_C_11,college_C,job_16,0.673,4,5,2.2,1,5,0.402
student_C_11,college_C,job_29,0.398,3,8,4.8,3,5,0.75
student_C_11,college_C,job_3,0.639,5,5,3.4,1,6,0.793
student_C_11,college_C,job_6,0.702,5,6,2.2,1,8,0.525
student_C_11,college_C,job_11,0.41,3,8,2.5,3,6,0.594
student_C_11,college_C,job_2,0.51,3,6,1.6,2,3,0.594
student_C_11,college_C,job_18,0.642,4,7,4.0,2,7,0.548
student_C_11,college_C,job_23,0.372,3,8,2.2,5,4,0.438
student_C_11,college_C,job_20,0.411,3,7,1.2,5,3,0.472
student_C_11,college_C,job_27,0.512,4,7,4.9,2,4,0.506
student_C_11,college_C,job_7,0.315,2,6,3.3,4,2,0.55
student_C_11,college_C,job_46,0.48,4,6,3.5,3,4,0.531
student_C_12,college_C,job_43,0.664,6,5,5.0,3,7,0.631
student_C_12,college_C,job_33,0.542,5,3,3.3,5,5,0.441
student_C_12,college_C,job_47,0.269,3,8,2.6,2,6,0.564
student_C_12,college_C,job_36,0.357,1,10,3.2,2,3,0.784
student_C_12,college_C,job_46,0.589,4,6,4.6,2,4,0.59
student_C_12,college_C,job_14,0.311,1,10,4.5,5,4,0.706
student_C_12,college_C,job_42,0.623,3,8,1.5,2,6,0.474
student_C_12,college_C,job_21,0.694,5,3,4.5,5,8,0.417
student_C_12,college_C,job_48,0.711,5,3,2.9,4,8,0.568
student_C_12,college_C,job_41,0.527,3,8,4.5,1,6,0.519
student_C_12,college_C,job_39,0.346,3,5,2.1,1,3,0.693
student_C_12,college_C,job_6,0.49,4,6,2.5,5,5,0.572
student_C_12,college_C,job_27,0.657,5,5,3.3,4,5,0.791
student_C_12,college_C,job_15,0.639,5,5,2.6,2,8,0.694
student_C_12,college_C,job_30,0.699,6,5,3.3,3,6,0.44
student_C_13,college_C,job_48,0.651,6,2,1.4,3,6,0.548
student_C_13,college_C,job_42,0.67,5,4,4.4,2,8,0.378
student_C_13,college_C,job_14,0.461,3,6,4.5,1,4,0.58
student_C_13,college_C,job_0,0.685,5,4,3.5,1,8,0.359
student_C_13,college_C,job_21,0.573,5,5,2.9,2,5,0.675
student_C_13,college_C,job_22,0.313,1,7,3.8,4,4,0.485
student_C_13,college_C,job_40,0.628,6,3,2.4,4,9,0.475
student_C_13,college_C,job_18,0.7,6,2,1.8,1,9,0.354
student_C_13,college_C,job_35,0.568,4,5,5.0,5,5,0.723
student_C_13,college_C,job_33,0.257,1,10,2.2,2,3,0.682
student_C_14,college_C,job_24,0.598,5,5,4.3,3,6,0.414
student_C_14,college_C,job_26,0.611,3,7,4.0,2,5,0.646
student_C_14,college_C,job_38,0.648,6,3,4.1,2,8,0.626
student_C_14,college_C,job_44,0.479,3,8,1.4,1,6,0.385
student_C_14,college_C,job_15,0.441,3,8,2.6,5,3,0.38
student_C_14,college_C,job_17,0.302,1,7,2.4,5,4,0.714
student_C_14,college_C,job_25,0.284,1,7,4.8,2,2,0.78
student_C_14,college_C,job_21,0.391,2,8,3.1,3,4,0.385
student_C_14,college_C,job_18,0.623,3,7,3.0,2,4,0.668
student_C_14,college_C,job_28,0.284,1,9,1.2,5,4,0.531
student_C_14,college_C,job_8,0.359,3,6,2.2,1,6,0.476
student_C_14,college_C,job_39,0.687,6,4,4.2,2,6,0.532
student_C_14,college_C,job_48,0.401,3,8,4.6,4,5,0.564
student_C_14,college_C,job_32,0.551,3,5,1.9,5,5,0.791
student_C_15,college_C,job_39,0.418,3,8,3.4,2,4,0.642
student_C_15,college_C,job_28,0.668,4,5,1.5,1,4,0.576
student_C_15,college_C,job_14,0.525,3,8,2.8,4,5,0.631
student_C_15,college_C,job_40,0.571,4,5,1.3,5,5,0.459
student_C_15,college_C,job_45,0.637,5,3,3.9,5,7,0.712
student_C_15,college_C,job_41,0.494,4,5,3.2,4,4,0.414
student_C_15,college_C,job_23,0.378,3,5,4.1,2,5,0.574
student_C_15,college_C,job_37,0.313,3,7,2.1,4,3,0.633
student_C_15,college_C,job_34,0.602,5,4,1.2,3,6,0.493
student_C_15,college_C,job_38,0.49,2,7,1.0,5,5,0.371
student_C_15,college_C,job_12,0.582,5,6,2.1,5,5,0.378
student_C_16,college_C,job_14,0.252,1,9,4.4,1,4,0.461
student_C_16,college_C,job_13,0.399,4,5,4.0,2,4,0.396
student_C_16,college_C,job_42,0.377,3,5,2.4,3,6,0.729
student_C_16,college_C,job_21,0.621,5,5,2.3,3,5,0.751
student_C_16,college_C,job_46,0.678,5,6,2.7,5,8,0.52
student_C_16,college_C,job_23,0.292,2,7,4.9,1,4,0.659
student_C_16,college_C,job_18,0.432,2,6,3.0,5,3,0.635
student_C_16,college_C,job_48,0.252,3,5,3.8,5,3,0.425
student_C_16,college_C,job_39,0.563,5,4,3.9,2,8,0.785
student_C_16,college_C,job_33,0.697,4,7,4.0,1,4,0.666
student_C_16,college_C,job_30,0.3,1,10,2.2,2,3,0.702
student_C_16,college_C,job_35,0.273,1,7,3.6,1,1,0.512
student_C_17,college_C,job_16,0.485,3,5,4.8,4,6,0.545
student_C_17,college_C,job_35,0.348,3,5,2.8,1,3,0.516
student_C_17,college_C,job_4,0.275,1,7,2.5,5,3,0.695
student_C_17,college_C,job_36,0.636,4,6,2.7,5,6,0.733
student_C_17,college_C,job_14,0.559,3,7,1.8,5,6,0.563
student_C_17,college_C,job_49,0.351,2,6,4.5,4,5,0.655
student_C_17,college_C,job_26,0.389,4,5,3.4,2,5,0.411
student_C_17,college_C,job_24,0.597,5,5,3.6,4,6,0.492
student_C_17,college_C,job_28,0.436,4,6,3.6,3,4,0.671
student_C_17,college_C,job_40,0.668,6,3,1.8,5,6,0.479
student_C_17,college_C,job_25,0.277,1,10,2.5,1,1,0.4
student_C_18,college_C,job_13,0.376,4,6,3.1,2,5,0.726
student_C_18,college_C,job_47,0.428,2,6,1.1,1,5,0.502
student_C_18,college_C,job_48,0.308,1,9,1.1,5,1,0.536
student_C_18,college_C,job_46,0.44,2,7,3.0,3,5,0.589
student_C_18,college_C,job_22,0.255,2,7,3.4,3,3,0.559
student_C_18,college_C,job_49,0.494,3,5,4.9,1,4,0.655
student_C_18,college_C,job_26,0.614,4,7,2.2,3,6,0.698
student_C_18,college_C,job_41,0.709,6,4,3.1,5,7,0.406
student_C_18,college_C,job_32,0.612,5,5,1.1,5,7,0.713
student_C_18,college_C,job_9,0.375,2,6,1.5,4,4,0.358
student_C_18,college_C,job_10,0.613,3,8,2.2,2,5,0.583
student_C_18,college_C,job_11,0.425,2,8,2.4,3,5,0.351
student_C_19,college_C,job_28,0.554,4,4,2.2,2,4,0.788
student_C_19,college_C,job_22,0.261,3,5,4.4,1,6,0.754
student_C_19,college_C,job_19,0.617,3,5,4.1,5,5,0.556
student_C_19,college_C,job_31,0.392,4,7,2.6,5,5,0.38
student_C_19,college_C,job_35,0.366,2,7,1.9,3,4,0.568
student_C_19,college_C,job_6,0.473,3,5,4.0,2,6,0.376
student_C_19,college_C,job_11,0.693,6,2,4.8,3,7,0.703
student_C_19,college_C,job_41,0.506,5,4,5.0,5,6,0.783
student_C_19,college_C,job_38,0.422,2,7,1.3,4,3,0.451
student_C_19,college_C,job_5,0.316,2,6,1.8,4,3,0.63
student_C_19,college_C,job_17,0.522,3,5,4.1,4,5,0.416
student_C_19,college_C,job_8,0.549,3,5,4.2,3,4,0.525
student_C_19,college_C,job_34,0.372,2,9,3.7,5,5,0.505
student_C_20,college_C,job_2,0.387,4,7,4.7,4,6,0.561
student_C_20,college_C,job_49,0.583,5,3,4.6,5,7,0.378
student_C_20,college_C,job_41,0.254,1,10,1.6,4,3,0.634
student_C_20,college_C,job_20,0.313,2,9,2.8,3,2,0.781
student_C_20,college_C,job_6,0.364,1,10,3.1,5,2,0.575
student_C_20,college_C,job_33,0.286,1,9,3.7,2,2,0.474
student_C_20,college_C,job_40,0.466,2,7,4.2,2,4,0.596
student_C_20,college_C,job_17,0.271,3,5,2.7,5,4,0.425
student_C_20,college_C,job_16,0.348,2,6,2.8,4,5,0.372
student_C_20,college_C,job_37,0.711,5,4,4.4,4,6,0.707
student_C_20,college_C,job_34,0.364,1,8,4.4,4,1,0.782
student_C_20,college_C,job_36,0.697,6,3,1.8,2,7,0.798
student_C_20,college_C,job_11,0.711,4,5,3.8,5,4,0.606
student_C_21,college_C,job_16,0.455,4,7,2.0,4,7,0.617
student_C_21,college_C,job_11,0.543,3,8,1.3,2,4,0.792
student_C_21,college_C,job_33,0.623,3,7,1.8,5,4,0.759
student_C_21,college_C,job_25,0.701,5,3,4.8,3,6,0.585
student_C_21,college_C,job_38,0.606,4,5,4.9,4,4,0.423
student_C_21,college_C,job_36,0.588,3,8,2.9,1,4,0.461
student_C_21,college_C,job_40,0.563,3,6,3.6,5,6,0.423
student_C_21,college_C,job_1,0.613,5,3,3.3,5,5,0.575
student_C_21,college_C,job_18,0.254,2,7,1.0,1,2,0.511
student_C_21,college_C,job_5,0.357,3,8,4.7,4,5,0.635
student_C_21,college_C,job_13,0.401,4,7,1.9,1,5,0.732
student_C_22,college_C,job_49,0.295,3,8,3.9,3,5,0.543
student_C_22,college_C,job_24,0.476,2,6,1.1,2,2,0.648
student_C_22,college_C,job_22,0.386,2,9,1.5,5,3,0.529
student_C_22,college_C,job_37,0.717,5,5,4.7,3,5,0.37
student_C_22,college_C,job_44,0.425,3,7,4.0,2,5,0.527
student_C_22,college_C,job_36,0.682,5,5,4.0,5,7,0.778
student_C_22,college_C,job_6,0.418,2,9,3.3,4,5,0.704
student_C_22,college_C,job_27,0.515,4,7,2.0,2,6,0.511
student_C_22,college_C,job_8,0.363,3,7,3.6,3,6,0.436
student_C_22,college_C,job_16,0.298,3,5,4.7,2,4,0.578
student_C_22,college_C,job_30,0.268,3,6,1.9,4,3,0.366
student_C_22,college_C,job_14,0.657,6,5,1.7,2,8,0.477
student_C_22,college_C,job_5,0.523,5,3,4.8,5,6,0.546
student_C_23,college_C,job_40,0.493,2,9,3.3,5,5,0.691
student_C_23,college_C,job_0,0.416,4,6,2.1,5,4,0.752
student_C_23,college_C,job_5,0.67,6,5,4.8,2,9,0.539
student_C_23,college_C,job_9,0.474,2,8,4.1,1,3,0.574
student_C_23,college_C,job_30,0.528,5,4,1.8,1,6,0.434
student_C_23,college_C,job_38,0.652,5,4,2.3,1,5,0.443
student_C_23,college_C,job_27,0.282,1,9,1.3,2,4,0.773
student_C_23,college_C,job_47,0.442,4,7,3.0,3,7,0.715
student_C_23,college_C,job_4,0.406,2,6,4.3,5,2,0.662
student_C_23,college_C,job_16,0.558,5,5,4.1,1,7,0.418
student_C_23,college_C,job_14,0.503,4,5,4.5,3,5,0.477
student_C_23,college_C,job_23,0.268,2,6,2.7,4,4,0.408
student_C_23,college_C,job_42,0.25,2,6,4.1,2,2,0.537
student_C_24,college_C,job_18,0.276,3,8,3.1,4,3,0.788
student_C_24,college_C,job_21,0.393,2,8,1.9,4,2,0.487
student_C_24,college_C,job_7,0.251,3,6,1.9,4,4,0.678
student_C_24,college_C,job_32,0.355,2,8,4.9,3,2,0.648
student_C_24,college_C,job_16,0.649,4,6,4.0,3,4,0.54
student_C_24,college_C,job_34,0.403,4,6,2.2,4,4,0.671
student_C_24,college_C,job_36,0.335,1,10,4.3,5,3,0.517
student_C_24,college_C,job_45,0.629,4,6,4.6,3,5,0.793
student_C_24,college_C,job_28,0.435,3,6,4.0,2,4,0.616
student_C_24,college_C,job_24,0.287,2,7,3.6,2,3,0.595
student_C_24,college_C,job_43,0.329,1,9,3.8,2,2,0.701
student_C_24,college_C,job_30,0.698,4,4,3.3,1,7,0.369
student_C_24,college_C,job_15,0.533,3,5,2.1,5,6,0.483
student_C_24,college_C,job_48,0.607,5,5,3.9,3,8,0.396
student_C_25,college_C,job_17,0.489,4,6,3.1,1,7,0.516
student_C_25,college_C,job_31,0.639,5,3,4.7,2,8,0.664
student_C_25,college_C,job_11,0.467,4,4,3.9,3,4,0.764
student_C_25,college_C,job_32,0.593,4,4,3.8,2,6,0.738
student_C_25,college_C,job_49,0.629,6,4,2.1,3,7,0.438
student_C_25,college_C,job_25,0.408,3,6,2.4,5,5,0.79
student_C_25,college_C,job_14,0.58,5,5,4.4,4,7,0.677
student_C_25,college_C,job_36,0.695,5,6,3.2,2,6,0.573
student_C_25,college_C,job_8,0.327,3,7,2.5,4,5,0.704
student_C_25,college_C,job_3,0.431,3,8,3.9,4,4,0.361
student_C_25,college_C,job_33,0.255,1,8,4.4,5,1,0.667
student_C_25,college_C,job_27,0.456,2,9,4.9,3,5,0.456
student_C_25,college_C,job_30,0.634,4,5,3.8,2,7,0.596
student_C_25,college_C,job_34,0.274,1,10,4.9,1,4,0.577
student_C_26,college_C,job_40,0.655,4,5,3.9,4,4,0.431
student_C_26,college_C,job_33,0.51,4,7,4.2,2,4,0.528
student_C_26,college_C,job_34,0.657,6,4,1.5,4,8,0.421
student_C_26,college_C,job_46,0.386,3,7,2.2,3,5,0.742
student_C_26,college_C,job_20,0.624,4,4,3.7,1,6,0.463
student_C_26,college_C,job_31,0.519,3,6,3.5,5,5,0.725
student_C_26,college_C,job_19,0.256,2,9,4.6,3,5,0.653
student_C_26,college_C,job_16,0.508,4,6,1.2,1,7,0.479
student_C_26,college_C,job_35,0.416,2,8,2.2,2,5,0.63
student_C_26,college_C,job_36,0.594,5,6,2.3,5,5,0.532
student_C_26,college_C,job_3,0.618,3,7,1.3,1,4,0.479
student_C_27,college_C,job_20,0.572,4,7,2.7,5,5,0.5
student_C_27,college_C,job_41,0.426,2,7,1.2,2,3,0.775
student_C_27,college_C,job_18,0.566,5,3,3.6,3,6,0.635
student_C_27,college_C,job_45,0.447,3,5,1.8,2,3,0.688
student_C_27,college_C,job_17,0.381,3,5,1.4,1,3,0.474
student_C_27,college_C,job_38,0.711,6,2,2.7,4,6,0.38
student_C_27,college_C,job_48,0.334,3,6,3.1,3,3,0.787
student_C_27,college_C,job_25,0.44,3,6,1.5,4,4,0.682
student_C_27,college_C,job_46,0.449,3,6,3.8,3,4,0.506
student_C_27,college_C,job_28,0.374,1,7,2.6,5,1,0.442
student_C_27,college_C,job_23,0.376,3,8,2.9,3,6,0.479
student_C_27,college_C,job_37,0.705,5,6,3.6,5,6,0.622
student_C_28,college_C,job_34,0.286,1,10,1.3,2,3,0.778
student_C_28,college_C,job_11,0.293,2,8,2.2,3,3,0.62
student_C_28,college_C,job_37,0.555,3,5,3.5,3,4,0.47
student_C_28,college_C,job_38,0.704,5,6,1.1,3,5,0.463
student_C_28,college_C,job_29,0.582,4,6,3.7,4,4,0.625
student_C_28,college_C,job_40,0.377,3,6,2.3,4,3,0.619
student_C_28,college_C,job_44,0.695,5,4,4.5,5,8,0.398
student_C_28,college_C,job_36,0.694,5,6,1.6,5,6,0.681
student_C_28,college_C,job_27,0.345,3,8,4.5,2,6,0.614
student_C_28,college_C,job_33,0.57,4,4,3.8,2,7,0.534
student_C_28,college_C,job_49,0.524,5,5,1.1,2,7,0.464
student_C_28,college_C,job_19,0.7,5,6,2.8,5,6,0.53
student_C_28,college_C,job_22,0.339,1,8,4.4,1,3,0.653
student_C_28,college_C,job_30,0.298,3,8,4.9,1,6,0.354
student_C_28,college_C,job_39,0.294,3,8,2.7,3,4,0.687
student_C_29,college_C,job_1,0.454,2,7,4.7,2,2,0.466
student_C_29,college_C,job_9,0.59,3,7,2.7,4,6,0.354
student_C_29,college_C,job_3,0.538,4,6,3.4,3,7,0.637
student_C_29,college_C,job_34,0.586,4,4,2.0,1,5,0.391
student_C_29,college_C,job_49,0.662,5,6,1.8,1,5,0.682
student_C_29,college_C,job_11,0.367,2,7,1.1,5,3,0.446
student_C_29,college_C,job_6,0.366,2,6,2.1,3,2,0.378
student_C_29,college_C,job_18,0.594,4,7,2.8,2,5,0.623
student_C_29,college_C,job_17,0.288,1,10,3.7,1,1,0.778
student_C_29,college_C,job_8,0.628,6,3,4.4,5,9,0.72
student_C_29,college_C,job_28,0.506,5,5,4.7,4,7,0.44
student_C_29,college_C,job_0,0.599,5,3,3.5,2,5,0.682
student_D_0,college_D,job_30,0.431,2,8,3.1,1,2,0.648
student_D_0,college_D,job_40,0.663,4,4,4.7,4,4,0.715
student_D_0,college_D,job_19,0.566,5,6,2.1,5,6,0.858
student_D_0,college_D,job_12,0.754,5,4,3.7,3,6,0.682
student_D_0,college_D,job_23,0.512,3,7,3.5,4,3,0.782
student_D_0,college_D,job_3,0.599,4,5,2.7,1,4,0.76
student_D_0,college_D,job_42,0.429,3,6,4.7,2,5,0.83
student_D_0,college_D,job_13,0.6,5,5,2.2,5,8,0.509
student_D_0,college_D,job_7,0.626,4,7,2.2,2,6,0.522
student_D_0,college_D,job_15,0.817,6,2,3.0,2,9,0.542
student_D_0,college_D,job_27,0.584,5,5,4.1,4,8,0.762
student_D_0,college_D,job_20,0.472,4,5,2.0,2,6,0.564
student_D_1,college_D,job_46,0.484,3,8,1.3,5,3,0.766
student_D_1,college_D,job_29,0.766,6,3,4.5,5,6,0.774
student_D_1,college_D,job_17,0.53,4,5,1.4,5,6,0.624
student_D_1,college_D,job_38,0.632,6,5,2.0,1,7,0.714
student_D_1,college_D,job_35,0.559,5,6,2.4,5,6,0.831
student_D_1,college_D,job_10,0.539,4,6,4.2,5,7,0.866
student_D_1,college_D,job_4,0.547,3,5,4.8,3,3,0.642
student_D_1,college_D,job_33,0.824,5,4,3.0,1,5,0.851
student_D_1,college_D,job_9,0.577,3,8,1.4,2,4,0.721
student_D_1,college_D,job_28,0.487,2,9,3.0,1,5,0.844
student_D_1,college_D,job_18,0.777,7,3,3.7,5,7,0.844
student_D_1,college_D,job_16,0.598,3,5,4.0,3,3,0.744
student_A_low,college_A,job_41,0.205,1,7,1.6,4,3,0.336
student_A_low,college_A,job_31,0.103,1,7,3.8,5,3,0.324
student_A_low,college_A,job_5,0.05,1,7,1.7,1,1,0.444
student_A_low,college_A,job_29,0.168,2,9,3.9,2,3,0.332
student_A_low,college_A,job_40,0.054,1,8,1.3,2,2,0.333
student_A_low,college_A,job_3,0.106,1,10,4.6,5,1,0.371
student_A_low,college_A,job_23,0.101,1,10,1.4,5,4,0.404
student_A_low,college_A,job_35,0.106,1,8,3.4,1,4,0.312
